Time,Speed,Accelerator pedal position,Throttle position,FC_avg_rate,Engine speed,Trip fuel consumption,slope,gear
1,0,0,8.654542096,0,0,0,0,0
2,0,0,8.654650123,0,0,0,0,0
3,0,0,8.648168513,0,0,0,0,0
4,0,0,8.651409318,0,0,0,0,0
5,0,0,8.653677881,0,0,0,0,0
6,0,0,8.654136995,0,0,0,0,0
7,0,0,8.649491842,0,0,0,0,0
8,0,0,8.642335065,0,0,0,0,0
9,0,0,8.645224782,0,0,0,0,0
10,0,0,8.645116755,0,0,0,0,0
11,0,0,8.642497105,0,0,0,0,0
12,0,0,8.645062742,0,0,0,0,0
13,0,0,8.650085989,0,0,0,0,0
14,0,0,8.642848192,0,0,0,0,0
15,0,0,8.646764164,0,0,0,0,0
16,0,0,8.642578125,0,0,0,0,0
17,0,0,8.64835756,0,0,0,0,0
18,0,0,8.646818178,0,0,0,0,0
19,0,0,8.647142258,0,0,0,0,0
20,0,0,4.864177873,0.239880792,191.299569,28.05586283,0,0
21,0,0,9.775212381,1.53837977,1302.035398,502.8454093,0,0
22,0,0,14.4680057,1.857093473,1748.571903,2199.895879,0,0
23,0,0,13.66936338,1.66595513,1636.307522,3902.091261,0,0
24,0,0,12.22782641,1.354068722,1475.297566,5650.745575,0,0
25,0,0,11.76009727,1.240804757,1386.003319,6896.563883,0,0
26,0,0,11.53043224,1.166145257,1377.899336,8109.698285,0,0
27,0,0,12.13100737,1.13982128,1335.886062,9223.547152,0,0
28,0,0,15.38831323,1.191734652,1215.824115,10393.04038,0,0
29,0,0,24.1406196,1.572256983,1241.472345,11648.52019,0,0
30,0,0,24.91276834,1.448622442,1275.865044,13189.13136,0,1
31,0.349211836,0,24.88519449,1.494555448,1296.586283,14536.18128,0,1
32,4.707065819,0,23.15506387,1.307357923,1223.80531,16068.72207,0,1
33,7.030143805,0,21.15178741,1.157719165,1209.575221,17205.16164,0,1
34,7.955613938,6.1638216,10.85990973,0.568713703,1272.698009,18314.82011,0,1
35,8.695035951,15.23856104,13.75216594,1.185434527,1466.433628,18920.93473,0,1
36,11.00076051,15.56455899,16.65649414,1.490260301,1748.755531,20237.47884,0,1
37,12.77876106,14.63793189,18.67962052,1.659620437,1883.30531,21614.91911,0,1
38,13.57252489,12.49003453,16.65136287,1.537178512,1918.920354,23417.48797,0,1
39,13.6171875,12.25399591,15.59367222,1.389726217,1887.639381,24893.95561,0,1
40,13.3431969,12.54186039,14.17509096,1.281224074,1850.175885,26188.34845,0,1
41,13.27668695,14.90529828,15.43444068,1.458180655,1870.900442,27605.09831,0,1
42,13.35287611,15.05405122,15.72063075,1.471377212,1876.556416,28984.80241,0,1
43,13.42699115,14.8775624,15.59861445,1.46295112,1884.309735,30583.38122,0,1
44,13.47856748,8.371160727,13.55933805,1.198268114,1841.982301,31921.46585,0,1
45,12.39926715,0,8.082215976,0.439902517,1570.42146,33029.38772,0,1
46,9.748064159,0,7.354763335,0.676757813,1243.970133,33460.4122,0,1
47,6.654867257,0,7.635444033,0.787066164,1055.859513,34200.82937,0,1
48,4.634679204,0,8.261621526,0.861889864,974.9026549,34978.69856,0,1
49,1.531664823,0,8.867652015,0.826050885,939.5674779,35819.33393,0,1
50,0.026548673,0,8.38728373,0.725784707,942.1969027,36562.46045,0,0
51,0,0,7.154589628,0.601329162,899.7909292,37271.10509,0,0
52,0,0,6.518905775,0.541127973,975.2422566,37842.12016,0,0
53,0,0,6.391218067,0.527724004,981.7256637,38370.88178,0,0
54,0,0,6.412094251,0.531569759,986.4712389,38865.62168,0,0
55,0,0,6.386248833,0.51695589,983.9977876,39407.42658,0,0
56,0,0,6.407233044,0.537964947,986.9634956,39873.28789,0,0
57,0,0,6.436319267,0.539373617,982.7168142,40438.22995,0,0
58,0,0,6.467485006,0.549338012,1001.964602,40950.65998,0,0
59,0,0,6.47245424,0.553728222,998.3783186,41481.37237,0,0
60,0,0,6.462272712,0.549156527,1007.969027,42008.47027,0,0
60,0,0,6.490062612,0.56652724,1005.738938,42562.09859,0,0
61,0,0,6.499785027,0.547168833,999.6603982,43108.04466,0,0
62,0,0,6.498623738,0.568463081,1006.02323,43643.05227,0,0
63,0,0,6.507887039,0.555093681,1001.933628,44204.56333,0,0
64,0,0,6.505996569,0.56555932,1008.481195,44753.64671,0,0
65,0,0,6.497003336,0.556208518,1001.42146,45315.81388,0,0
66,0,0,6.49770551,0.552094856,1005.720133,45828.90514,0,0
67,0,0,6.485633513,0.563632121,1003.288717,46392.33476,0,0
68,0,0,6.48425617,0.555214671,997.9103982,46906.67105,0,0
69,0,0,5.968887194,0.519254701,978.1017699,47469.97027,0,0
70,0,0,4.243752809,0.334502904,868.7887168,47932.37832,0,0
71,0.90161781,0,4.927265539,0.403242533,843.5132743,48262.79231,0,1
72,2.994330752,5.558871379,4.930101243,0.376581513,852.6515487,48654.49972,0,1
73,4.644081858,17.55417005,7.838723512,0.663829162,1056.776549,49050.87154,0,1
74,7.233061394,23.40495692,12.76228913,1.105857647,1402.188053,49847.92132,0,1
75,10.61843197,23.97782317,14.99682401,1.37322836,1803.777655,50897.8508,0,1
76,14.31229259,26.43972751,17.90247554,1.565611173,1963.324115,52352.6846,0,1
77,18.07708794,23.19462869,16.71763732,1.423491081,1864.252212,53954.84098,0,1
78,20.95056692,19.23182665,11.92521627,0.996223382,1766.150442,55270.80213,0,1
79,22.71792035,20.13587614,11.34208747,1.017042312,1783.783186,56280.54729,0,1
80,24.38965708,24.26093448,14.3492302,1.46967471,1925.316372,57346.88468,0,1
81,26.6772677,25.30477068,15.50076915,1.445684112,2000.932522,58913.0531,0,1
82,28.95706582,24.4519259,15.07506244,1.339273368,1525.945796,60241.60772,0,2
83,31.0210177,19.22793768,11.76314903,1.050738039,1591.879425,61650.60329,0,2
84,31.99336283,11.26544243,8.518293263,0.63349523,1639.824115,62518.52088,0,2
85,32.07190265,7.18580938,6.589528312,0.487166413,1644.619469,63127.27378,0,2
86,31.84955752,7.066628785,6.357135604,0.507026065,1630.418142,63633.81762,0,2
87,31.57411504,8.806832913,6.828753716,0.557478913,1615.004425,64114.51632,0,2
88,31.30088496,8.847045898,6.864240528,0.588141247,1602.853982,64710.87887,0,2
89,31.11456029,8.847045898,6.821894013,0.608216952,1592.712389,65257.30199,0,2
90,30.91689712,8.847045898,6.77657676,0.608130531,1583.769912,65913.01881,0,2
91,30.7920354,9.096992965,6.787406449,0.593205545,1575.448009,66443.29231,0,2
92,30.65203263,9.745559017,7.028009195,0.634860689,1569.596239,67104.94718,0,2
93,30.625,10.29209373,7.145893468,0.643744815,1566.949115,67691.67575,0,2
94,30.625,10.61471585,7.359840596,0.671728084,1567.981195,68377.30752,0,2
95,30.625,9.620680007,7.028630349,0.606583587,1568.233407,68987.77876,0,2
96,30.625,10.96410161,7.254676481,0.620514726,1567.05531,69623.71612,0,2
97,30.67809735,12.38981264,7.929006931,0.721411781,1572.433628,70249.21834,0,2
98,30.85619469,11.58252817,7.685541474,0.662576051,1579.879425,70950.90445,0,2
99,30.94358407,10.77940274,7.429220824,0.642794179,1584.873894,71614.09264,0,2
100,31,10.62316895,7.475942426,0.662541482,1587.664823,72242.08048,0,2
101,31.03761062,10.62316895,7.448557626,0.648688122,1590.826327,72927.81886,0,2
102,31.10985896,10.62316895,7.449448847,0.64654487,1593.257743,73535.53595,0,2
103,31.14988938,10.62316895,7.448044498,0.647979466,1595.244469,74231.31485,0,2
104,31.20381637,10.62316895,7.456443584,0.650874585,1596.978982,74827.99157,0,2
105,31.25,10.47468607,7.456740658,0.644876936,1599.118363,75493.14076,0,2
106,31.12894082,2.734564047,6.125337044,0.479518114,1587.482301,76088.35232,0,2
107,30.10723175,0,6.621936359,0.235740459,1538.754425,76525.93874,0,2
108,27.35259956,0,5.827264026,0.019842367,1397.248894,76701.66496,0,2
109,24.75442478,0,4.939256516,0,1266.080752,76719.64063,0,2
110,21.64180033,0,3.552813235,0.166784776,1088.225664,76729.74281,0,2
111,18.42097622,0,2.476568982,0.321021156,841.0785398,76963.96322,0,2
112,16.06208518,0,1.911129572,0.223805655,732.125,77225.13814,0,2
113,13.9663302,0,1.805263283,0.206599143,744.5707965,77468.79231,0,2
114,11.26603982,0,1.651325057,0.182228291,674.4424779,77640.1698,0,2
115,8.331374447,0,1.849041154,0.190619815,618.289823,77838.67298,0,2
116,4.521086836,0,2.62737443,0.275356056,608.8185841,78037.18238,0,2
117,1.201949668,0,2.686951224,0.270386822,624.9269912,78310.61186,0,2
118,0.024681969,0,2.145439756,0.198812569,663.1050885,78552.10523,0,0
119,0,0,2.607227427,0.21625242,622.3207965,78754.16759,0,0
120,0,0,2.195672229,0.203462044,653.5719027,78969.63924,0,0
121,0,0,2.354228602,0.219069759,644.3827434,79166.83117,0,0
122,0,0,2.297082412,0.206884334,640.0962389,79384.2453,0,0
123,0,0,2.269211491,0.235437984,657.8573009,79586.88675,0,0
124,0,0,2.11195144,0.201128664,664.2079646,79805.54909,0,0
125,0,0,2.134231972,0.204231195,657.1216814,79999.37279,0,0
125,0,0,2.151030144,0.205717644,666.5464602,80202.16773,0,0
126,0,0,2.146925124,0.195468059,662.1792035,80404.41814,0,0
127,0,0,2.229133538,0.201370644,658.3783186,80576.80296,0,0
128,0,0,2.159159162,0.204187984,664.704646,80792.41662,0,0
129,0,0,2.176551481,0.208509057,664.8617257,80975.30379,0,0
130,0,0,2.177280662,0.2019151,664.0630531,81197.34859,0,0
131,0,0,2.192593465,0.206573216,663.2334071,81381.69953,0,0
132,0,0,2.193565706,0.211006637,666.0110619,81594.25747,0,0
133,0,0,2.186597976,0.201439782,661.3130531,81794.35205,0,0
134,0,0,2.21436087,0.210781941,662.8938053,81994.28844,0,0
135,0,0,2.228944491,0.218430241,663.4413717,82208.60454,0,0
136,0,0,2.204962536,0.208396709,662.6073009,82414.1203,0,0
137,0,0,2.217061541,0.205475664,660.215708,82628.57329,0,0
138,0,0,2.212416387,0.2121474,653.9800885,82818.65169,0,0
139,0.164477323,0,3.026182462,0.309898714,627.1504425,83058.38274,0,1
140,1.503318584,5.217344571,3.394607949,0.33960177,711.460177,83352.98783,0,1
141,3.168487279,18.73744188,8.243094925,0.823743432,1010.769912,83808.13067,0,1
142,6.62963219,19.25867131,9.120623833,0.848243916,1315.012168,84566.56305,0,1
143,8.779867257,19.14969925,9.40665186,0.872925885,1454.761062,85475.43238,0,1
144,10.73160951,19.29626465,10.36825264,1.000648161,1699.081858,86274.57218,0,1
145,12.69365321,19.71052052,10.36954897,0.939496336,1721.445796,87341.04522,0,1
146,14.70132743,19.68499918,9.728652819,0.924026894,1478.544248,88201.90072,0,1
147,16.49557522,19.7789285,9.390879943,0.884376728,1408.74115,89157.80572,0,1
148,18.3803927,21.02007571,10.30357158,0.981462597,1445.987832,90023.99558,0,1
149,20.17284292,20.99609375,11.04290717,1.025390625,1593.970133,91026.92091,0,1
150,22.09983407,21.01948156,11.8440071,1.084381914,1740.784292,91980.05738,0,1
151,23.86144912,21.5331221,11.96710367,1.076465708,1754.788717,93163.9393,0,1
152,25.52488938,21.80235196,10.27580869,0.952329923,1320.550885,94107.20617,0,2
153,27.08476217,22.24944798,11.14350716,1.04558732,1390.799779,95170.78236,0,2
154,28.61946903,22.42825939,11.63745981,1.079499101,1472.992257,96132.05973,0,2
155,30.23990597,22.48194872,12.03456642,1.080276894,1554.115044,97238.1297,0,2
156,31.82860896,23.75963599,13.27468737,1.196012514,1637.028761,98281.51162,0,2
157,33.71059181,24.87131304,15.21655057,1.377851908,1735.394912,99540.00277,0,2
158,35.75926438,24.98139238,15.0861622,1.321712528,1836.876106,100886.1081,0,2
159,37.50331858,25.15863739,14.89360438,1.366349212,1927.86615,102175.4599,0,2
160,38.98748617,25.68164927,14.87507778,1.338028899,1669.524336,103619.1088,0,2
161,40.38779038,26.35184769,15.5090062,1.395913993,1544.807522,104870.717,0,2
162,41.80565542,27.22465043,16.32849769,1.420699668,1601.130531,106309.7967,0,2
163,43.64159292,29.72501232,22.60218257,1.749006153,1668.788717,107731.1181,0,2
164,45.61386892,30.02475975,23.46402059,1.722863662,1745.922566,109525.122,0,2
165,47.68846792,28.97346969,21.55667195,1.651998064,1821.856195,111130.4046,0,2
166,49.15286228,18.87987525,12.31046694,0.906206789,1873.189159,112719.9092,0,2
167,49.29728982,12.88989582,8.713227669,0.641800332,1813.641593,113533.1402,0,2
168,49.09637721,10.84899902,6.901158696,0.511105158,1520.149336,114179.3211,0,3
169,48.7680448,11.83236721,6.929191657,0.572853291,1436.090708,114651.1177,0,3
170,48.54646018,13.45471407,7.355843603,0.680041828,1359.309735,115283.9194,0,3
171,48.38398783,14.25411258,7.580836473,0.717894428,1355.005531,115925.7996,0,3
172,48.28159569,15.5025786,7.893223045,0.748703678,1352.767699,116662.1998,0,3
173,48.29639104,16.55273438,8.320820226,0.796045354,1352.759956,117406.4469,0,3
174,48.37582965,16.43458003,8.428955078,0.798854051,1354.706858,118181.4295,0,3
175,48.45326327,15.59934363,8.114948104,0.744728291,1356.747788,119002.8446,0,3
176,48.4940542,14.72686498,7.824004857,0.681856679,1357.045354,119656.3819,0,3
177,48.33268805,9.033554212,5.969805422,0.513421253,1352.837389,120354.3868,0,3
178,47.76631637,0.056471023,4.627572119,0.158713012,1331.390487,120755.0835,0,3
179,46.34015487,0,4.87814034,0,1298.011062,120880.2825,0,3
180,44.58655973,0,4.616526376,0,1247.435841,120881.2031,0,3
181,41.73237002,0,4.501990934,0,1288.201327,120881.2031,0,3
182,38.94821626,0,5.193686696,0,1479.480088,120881.2031,0,3
183,36.84935011,0,4.881948285,0,1403.721239,120881.2031,0,3
184,35.28097345,1.634040765,4.289313122,0.220936463,1343.154867,120881.2031,0,3
185,34.17685288,7.302991479,4.710752774,0.555352945,1309.267699,121244.9596,0,3
186,33.75442478,12.78086975,6.727181494,0.685754287,1292.200221,121773.8182,0,3
187,33.79756637,13.54064941,7.248680992,0.716788233,1292.980088,122519.5307,0,3
188,33.95167312,13.54064941,7.194532546,0.704473175,1298.54646,123188.7027,0,3
189,34.06768529,13.54032533,7.215192677,0.703384264,1303.834071,123887.8476,0,3
190,34.31747788,13.46875756,7.255675729,0.702373133,1309.209071,124607.8468,0,3
191,34.46591538,13.46130371,7.257080078,0.693817409,1314.544248,125247.9614,0,3
192,34.64677821,13.45979134,7.309743155,0.681865321,1320.318584,125980.16,0,3
193,34.77931416,13.03629917,7.188483044,0.658280904,1326.094027,126600.7174,0,3
194,34.8924917,12.9530645,7.146406596,0.620575221,1330.561947,127311.5801,0,3
195,34.98416759,12.94555664,7.180083958,0.633305102,1333.321903,127883.7165,0,3
195,35.0282771,12.85308568,7.236311921,0.639466952,1335.891593,128532.0214,0,3
196,35.02502765,11.21326548,6.573864422,0.563061739,1336.803097,129132.9683,0,3
197,34.62126659,0.723104561,4.854671512,0.317279107,1313.640487,129646.2208,0,3
198,31.66046737,0,4.557084615,0.064971654,1205.045354,129884.6806,0,3
199,29.26673119,0,3.431229043,0.156993225,1065.973451,129964.7544,0,3
200,27.07411504,0,2.402246526,0.273368363,1002.836283,130154.3675,0,3
201,24.47801438,0,1.794190533,0.182755462,799.8772124,130405.1159,0,3
202,21.67740597,0,1.6305569,0.174286159,697.2577434,130564.117,0,3
203,18.65251659,0,1.526554074,0.167277378,647.4081858,130746.4994,0,3
204,15.20443861,0,1.742769765,0.181312223,629.3904867,130900.1135,0,3
205,11.09195243,0,1.639766187,0.16442547,639.8827434,131092.9939,0,3
206,8.09056969,0,1.842586551,0.17388862,621.2721239,131242.8931,0,3
207,5.387721239,0,2.486723503,0.216261062,607.1725664,131428.7665,0,3
208,1.881014934,0,2.542330311,0.228100802,617.6891593,131630.0159,0,3
209,0.082204093,0,2.699536349,0.245653001,613.130531,131872.021,0,3
210,0,0,2.624268658,0.230987279,630.2831858,132096.2767,0,0
211,0,0,2.241367576,0.215180794,660.9911504,132330.486,0,0
212,0,0,2.288197205,0.214463496,657.5630531,132534.9363,0,0
213,0,0,2.274261745,0.206642353,652.6227876,132749.2373,0,0
214,0,0,2.273991678,0.207670769,654.4115044,132943.4285,0,0
215,0,0,2.275909154,0.216321557,658.2688053,133146.3534,0,0
216,0,0,2.240341322,0.210272055,661.3307522,133353.7204,0,0
217,0,0,2.190486942,0.200644704,660.9236726,133552.6141,0,0
218,0,0,2.201910778,0.209926369,664.8716814,133750.6735,0,0
219,0,0,2.222219822,0.209088081,662.034292,133960.4209,0,0
220,0,0,2.207285113,0.203712666,656.0188053,134144.661,0,0
221,0,0,2.227432116,0.216995644,665.4004425,134368.2369,0,0
222,0,0,2.211417139,0.202969441,657.4070796,134564.5214,0,0
223,0,0,2.233292571,0.207688053,656.9402655,134775.6983,0,0
224,0,0,2.228377351,0.213089394,661.7311947,134967.207,0,0
225,0,0,2.211093059,0.208353498,660.6161504,135186.1787,0,0
226,0,0,2.236479363,0.210064643,657.7311947,135374.6774,0,0
227,0,0,2.189379667,0.212320243,661.2732301,135590.6706,0,0
228,0,0.005644402,2.737372744,0.243025788,629.5276549,135788.9672,0,0
229,0.984305863,8.399490762,4.018759938,0.383728567,712.7654867,136066.2918,0,1
229,3.330959624,16.71415346,7.941105935,0.75273956,1080.682522,136519.7808,0,1
230,6.750898783,21.02790765,9.719416526,0.910285882,1334.079646,137282.1269,0,1
231,9.915237832,24.49848546,14.03573635,1.401946211,1715.085177,138289.0737,0,1
232,13.62368639,15.33743259,11.53478032,1.068739629,1636.314159,139663.7362,0,1
233,15.43839878,4.995322438,5.345302345,0.384834762,1352.61615,140526.2588,0,1
234,15.37762721,3.481245463,3.757389035,0.299925678,1213.752212,140893.7507,0,1
235,14.80123064,4.087194932,3.824014579,0.30791102,1189.31969,141193.0223,0,1
236,14.30530973,4.450030031,4.041823666,0.329015141,1185.10177,141497.3219,0,1
237,13.9957135,5.187853248,4.25153074,0.332005324,1121.984513,141819.4152,0,1
238,13.86946903,4.570966062,4.409141878,0.344493225,1088.077434,142151.5402,0,1
239,13.50290376,0,3.898039961,0.307029522,1048.013274,142454.9079,0,1
240,11.35460454,0,3.107229587,0.233104605,910.0154867,142759.7551,0,1
241,6.920146571,0,2.900358217,0.221584624,719.8926991,142968.2694,0,1
242,3.003733407,0,2.863142976,0.250544455,650.965708,143216.5065,0,1
243,1.135577987,0,3.03620195,0.262911366,631.8230088,143434.8704,0,1
244,0.019081858,0,2.830572888,0.262876798,646.6637168,143714.0651,0,1
245,0,0,2.754576016,0.238238039,632.0254425,143945.8146,0,0
246,0,0,2.395197776,0.191328471,641.0674779,144180.4056,0,0
247,0,0,2.406513585,0.190706236,642.6338496,144356.3032,0,0
248,0,0,2.369703445,0.193402586,646.9767699,144549.5257,0,0
249,0,0,2.324197145,0.19812984,651.2632743,144741.8505,0,0
250,0,0,2.31652724,0.204680586,654.8252212,144935.4299,0,0
251,0,0,2.220977513,0.206823838,664.3761062,145141.2443,0,0
252,0,0,2.271696108,0.204870713,661.8882743,145331.6233,0,0
253,0,0,2.253952702,0.197161919,657.5929204,145533.19,0,0
254,0,0,2.27364059,0.208284361,656.6349558,145721.9694,0,0
255,0,0,2.252791413,0.210073285,660.1493363,145923.0275,0,0
256,0,0,2.236344329,0.21009057,663.0176991,146131.2286,0,0
257,0,0,2.267267008,0.204957135,658.9723451,146320.0979,0,0
258,0,0,2.259137989,0.208301645,659.9856195,146534.7309,0,0
259,0,0,2.266051706,0.214307937,660.6261062,146712.5897,0,0
260,0,0,2.255005963,0.20787818,660.7278761,146943.1943,0,0
261,0,0,2.255086983,0.204032425,657.7278761,147130.9968,0,0
262,0,0,2.257922687,0.21130047,661.4137168,147344.7535,0,0
263,0,0,2.258165748,0.210877005,662.2610619,147538.7064,0,0
264,0,0,2.262972941,0.204084278,654.9767699,147753.9223,0,0
264,0,0,2.29602915,0.221532771,669.5553097,147946.3075,0,0
265,0.02855365,0,2.782230884,0.262271847,671.0387168,148183.5339,0,1
266,1.261061947,1.622832982,3.367277162,0.327934873,709.5298673,148433.078,0,1
267,2.771985619,14.14200774,5.979959944,0.530385785,871.7245575,148809.4956,0,1
268,5.726769912,20.60371331,9.39771264,0.944500138,1286.095133,149416.1864,0,1
269,8.920353982,21.73154038,11.39342722,1.060987624,1552.900442,150387.5152,0,1
270,12.10965155,23.9843588,14.00764938,1.35285018,1726.253319,151502.1999,0,1
271,15.73326881,23.24294369,14.36470504,1.285899475,1686.391593,152801.1626,0,1
272,18.68881361,16.4272072,9.305808818,0.776816579,1486.117257,153974.7176,0,1
273,20.10066372,20.74471533,10.23878249,0.909248825,1585.664823,154732.0658,0,1
274,21.97345133,22.70461901,12.79939635,1.239465224,1736.248894,155752.0261,0,1
275,24.29355642,24.18809739,13.84868791,1.270421391,1916.950221,156940.586,0,1
276,26.62506914,25.51596312,14.91412948,1.35023161,1849.349558,158248.341,0,1
277,28.95132743,23.37411526,13.56360511,1.19781008,1491.469027,159599.1813,0,2
278,30.62479259,14.79000665,9.403140988,0.78386857,1571.103982,160643.7335,0,2
279,31.27931416,11.50861082,7.631933162,0.610368847,1601.97677,161409.5561,0,2
280,31.39677821,10.56167468,7.100252135,0.555594925,1609.125,161978.5918,0,2
281,31.42270465,10.98840764,7.279819725,0.586793072,1610.014381,162542.9335,0,2
282,31.5,11.40568826,7.423657443,0.634177959,1612.247788,163142.5001,0,2
283,31.53982301,11.5814209,7.544134359,0.65516109,1617.279867,163741.7147,0,2
284,31.69150996,11.5814209,7.573787723,0.662195796,1624.415929,164439.6131,0,2
285,31.75,10.62408717,7.1947486,0.616651687,1628.5,165025.6757,0,2
286,31.75,9.987052985,6.991739189,0.61529487,1628.426991,165701.8505,0,2
287,31.73561947,9.982299805,6.977128561,0.574538509,1626.464602,166262.5364,0,2
288,31.67381084,9.982299805,6.970673958,0.593361103,1623.673673,166861.6668,0,2
289,31.62707412,10.37681377,7.120345124,0.590820313,1620.558628,167426.4587,0,2
290,31.625,10.44006348,7.158316553,0.61815542,1620.540929,168029.0897,0,2
291,31.625,10.44006348,7.137224316,0.606773714,1621.026549,168641.2394,0,2
292,31.625,10.44006348,7.129959512,0.60107854,1620.502212,169224.3529,0,2
293,31.625,10.01605819,6.994574893,0.598235274,1620.52323,169843.0696,0,2
294,31.55862832,9.728517786,6.902211957,0.574961975,1617.756637,170420.2476,0,2
295,31.5,9.250688131,6.703199539,0.554307246,1614.086283,170994.4374,0,2
296,31.42920354,9.075927734,6.630416465,0.549778761,1608.158186,171537.0839,0,2
297,31.25884956,9.075927734,6.614131421,0.558248064,1601.820796,172087.7441,0,2
298,31.20996958,9.075927734,6.614995636,0.557020879,1596.143805,172635.4722,0,2
299,31.06927544,9.075927734,6.610377489,0.559146847,1590.294248,173195.052,0,2
300,30.96978706,9.075927734,6.613969381,0.557435702,1585.837389,173745.1009,0,2
301,30.84955752,4.596109306,6.029139156,0.517344787,1573.625,174321.2876,0,2
302,29.46342644,0,5.66603399,0.260975525,1501.63385,174752.8939,0,2
303,26.05731471,0,4.873171106,0.047333034,1332.879425,174973.152,0,2
304,24.05842091,0,4.845030118,0,1233.423673,175005.9375,0,2
305,22.16710454,0,4.225631309,0.086914063,1120.973451,175012.349,0,2
306,20.35204646,0,3.13402024,0.430949253,858.5331858,175183.2796,0,2
307,18.43667035,0,2.533391092,0.25116669,842.1681416,175577.77,0,2
308,14.98306139,0,2.095018235,0.189064228,695.2334071,175792.3226,0,2
309,10.49854812,0,2.054778243,0.186782702,676.119469,175985.0065,0,2
310,7.163647677,0,2.176470461,0.189600041,640.8285398,176152.9917,0,2
311,4.564643252,0,2.662051041,0.238877558,632.2278761,176356.1821,0,2
312,1.581512721,0,2.615869573,0.244875207,631.7068584,176571.0448,0,2
313,0.041344027,0,2.618111129,0.244382605,632.3727876,176824.0762,0,0
314,0,0,2.603824582,0.24621474,647.3893805,177054.3746,0,0
315,0,0,2.322927829,0.214065957,655.7090708,177288.1684,0,0
316,0,0,2.373835471,0.222250069,659.3462389,177499.7287,0,0
317,0,0,2.329328419,0.219311739,657.1415929,177716.9038,0,0
318,0,0,2.326681762,0.219190749,655.3882743,177925.483,0,0
319,0,0,2.344533194,0.21911297,655.8683628,178147.0904,0,0
320,0,0,2.259651117,0.208206582,660.3971239,178346.6409,0,0
321,0,0,2.300566277,0.205441095,652.5497788,178561.8518,0,0
322,0,0,2.267645102,0.212527655,662.800885,178753.2667,0,0
322,0,0,2.259192003,0.212925194,663.0044248,178974.6315,0,0
323,0,0,2.251927199,0.212847414,659.0862832,179167.2786,0,0
324,0,0,2.273046443,0.210479466,655.7776549,179394.9783,0,0
325,0,0,2.301538518,0.20550159,649.1504425,179579.3832,0,0
326,0,0,2.28684687,0.212769635,655.8573009,179795.2803,0,0
327,0,0,2.251738152,0.211870852,659.175885,179981.5325,0,0
328,0,0,2.250819924,0.212475802,658.7035398,180211.2483,0,0
329,0,0,2.2531425,0.20964982,655.9966814,180402.7092,0,0
330,0,0,2.263243009,0.203989215,649.9789823,180614.4462,0,0
331,0,0,2.286144695,0.207895465,653.8473451,180803.4765,0,0
332,0,0,2.253952702,0.212735066,660.3418142,181003.4184,0,0
333,0,0,2.196023317,0.200048396,652.6216814,181215.1515,0,0
334,0.096238938,0,2.852016213,0.256369262,639.0785398,181397.9643,0,0
335,1.397746128,5.078584114,3.238914287,0.297661435,696.4767699,181693.7344,0,1
336,2.894358407,15.06628526,6.850413095,0.546425608,923.1792035,181995.0035,0,1
337,5.895810288,18.87217834,8.820444293,0.819189021,1265.647124,182638.745,0,1
338,8.623893805,18.88427734,9.430660822,0.872925885,1472.494469,183423.8132,0,1
339,10.96792035,17.83741639,10.2951725,0.969035191,1721.021018,184322.8025,0,1
340,13.14746958,12.13027819,7.402349151,0.630539616,1349.63385,185221.7165,0,1
341,14.10266869,12.39048781,6.639409698,0.507950774,1314.356195,185796.9632,0,1
342,14.82591261,15.05756209,7.376476727,0.617213426,1310.492257,186367.0288,0,1
343,16.12244192,20.21114383,8.721356687,0.816345755,1274.889381,186962.8256,0,1
344,18.14221515,22.2442627,11.06062357,1.063044455,1430.358407,187889.7167,0,1
345,20.54134403,23.27834948,12.97051084,1.176092367,1624.731195,188904.7981,0,1
346,23.2060979,23.41222172,13.73904068,1.181225802,1831.993363,190106.9523,0,1
347,25.5096792,23.65917105,13.34414862,1.169541621,1806.776549,191278.8862,0,1
348,27.66330199,23.19327835,11.95600391,1.065421045,1423.358407,192413.4255,0,2
349,29.43521847,23.00720215,12.2386561,1.106505808,1516.271018,193469.5884,0,2
350,31.25815819,23.00720215,12.69377312,1.146812777,1608.59292,194561.0759,0,2
351,33.01292865,23.00720215,13.3118756,1.171607093,1698.511062,195661.6968,0,2
352,34.78353153,23.00720215,13.52641688,1.183680171,1787.341814,196898.9945,0,2
353,36.37486173,23.00720215,13.29194466,1.168902102,1865.818584,198031.6155,0,2
354,37.58490044,23.00720215,12.2028182,1.08287818,1541.772124,199217.0245,0,2
355,38.80060841,23.00720215,12.10097591,1.072498963,1481.240044,200289.8278,0,2
356,39.96121405,25.05390539,13.68786297,1.209978222,1527.340708,201325.6377,0,2
357,41.4579646,28.60709671,18.77120026,1.508693999,1587.262168,202650.3927,0,2
358,43.43162334,29.14912131,20.71954508,1.539727945,1661.336283,204028.2858,0,2
359,45.46045354,29.51660156,22.0948886,1.620203609,1739.381637,205753.803,0,2
360,47.51963496,28.37519013,20.19350845,1.569275442,1816.149336,207223.0554,0,2
361,49.02544248,18.35013871,11.96008193,0.907062362,1868.035398,208748.5407,0,2
362,49.23693308,14.45768913,8.808939436,0.619892492,1754.247788,209578.5206,0,3
363,49.10121681,14.41650391,8.259325956,0.629666759,1565.811947,210142.6778,0,3
364,49.00165929,14.93975884,7.84423288,0.642915169,1404.844027,210822.9495,0,3
365,49.03138827,17.58158186,8.709095643,0.797566372,1374.004425,211425.3555,0,3
366,49.18203816,17.80930241,8.846262704,0.803806001,1378.254425,212284.3382,0,3
367,49.40210177,18.51342125,9.123378517,0.860161435,1384.054204,213006.0221,0,3
368,49.64373617,18.51501465,9.199753483,0.850439021,1390.860619,213928.2004,0,3
369,49.85197732,17.62422545,8.939003733,0.833111518,1397.436947,214698.3216,0,3
370,50.03214878,17.45910645,8.858118648,0.777905489,1402.420354,215532.5881,0,3
371,50.17830476,9.787635466,6.95384878,0.626270395,1404.074115,216259.8621,0,3
372,49.57252489,0,4.907631663,0.097379701,1384.247788,216760.9864,0,3
373,48.15784015,0,4.925726156,0,1346.924779,216834.7188,0,3
374,46.62029867,0,4.841222172,0,1306.289823,216834.7188,0,3
375,45.15645741,0,4.755772954,0,1264.213496,216834.7188,0,3
376,42.24626659,0,4.443440395,0,1201.397124,216834.7188,0,3
377,38.68203816,0,5.112531544,0,1464.340708,216834.7188,0,3
378,36.840224,0.141083034,5.08009649,0.001806209,1404.207965,216834.7188,0,3
379,35.54051438,4.925456089,4.076743337,0.651842506,1356.965708,217017.3736,0,3
380,34.82591261,7.198691579,4.865717255,0.492204784,1330.085177,217566.0227,0,3
381,34.47725387,8.824198225,5.484602937,0.490096101,1314.21792,218085.1466,0,3
382,34.11442201,8.903408894,5.527894687,0.464005462,1304.620575,218542.9253,0,3
383,33.87002212,8.929443359,5.502805457,0.474721723,1294.655973,219026.4676,0,3
384,33.63827434,8.929443359,5.491435633,0.464938814,1285.831858,219464.5527,0,3
385,33.42146018,9.208746716,5.485818238,0.461101701,1277.559735,219939.9132,0,3
386,33.25553097,12.09565559,6.410986976,0.544878664,1272.564159,220388.5368,0,3
387,33.27143252,13.98050764,7.10406008,0.6149319,1272.957965,220954.553,0,3
387,33.47856748,14.85595703,7.563282114,0.677820796,1279.887168,221537.35,0,3
388,33.77848451,14.85595703,7.559339135,0.699279245,1291.381637,222255.0946,0,3
389,34.08517699,14.78349804,7.555369149,0.686082688,1303.68031,222891.9304,0,3
390,34.47255254,14.46943705,7.461952952,0.675496059,1314.516593,223633.15,0,3
391,34.72324392,13.77879455,7.225374205,0.627549433,1323.908186,224220.3262,0,3
392,34.75269635,3.766571315,5.117581798,0.425012099,1319.586283,224859.051,0,3
393,32.94068031,0,4.71693731,0.136684181,1253.086283,225193.9349,0,3
394,28.51894358,0,3.410433879,0.148783186,1018.946903,225305.1995,0,3
395,25.17553927,0,2.276746362,0.250492602,983.0951327,225507.4782,0,3
396,23.69137168,0,2.003249447,0.204542312,808.9977876,225726.8662,0,3
397,22.48769358,0,2.118784136,0.221696972,831.1902655,225937.8619,0,3
398,20.55461836,0,2.128749611,0.220150028,821.9834071,226150.7624,0,3
399,16.99377765,0,1.815741885,0.180577641,709.1780973,226366.8014,0,3
400,12.97448838,0,1.694643814,0.172652793,640.7123894,226534.3655,0,3
401,10.14532633,0,1.798700653,0.170189782,634.3030973,226705.6379,0,3
402,7.418418142,0,2.000575783,0.182919663,622.6482301,226860.1359,0,3
403,4.803373894,0,2.571416534,0.217756153,618.3539823,227064.236,0,3
404,1.082342367,0,2.663158315,0.226864975,617.9634956,227257.4602,0,3
405,0.005530973,0,2.614816311,0.230494676,622.6471239,227500.3927,0,0
406,0,0,2.582921391,0.23083172,629.9955752,227702.0239,0,0
407,0,0,2.589051913,0.234850318,632.5254425,227947.569,0,0
408,0,0,2.600772824,0.235472553,632.0066372,228153.8881,0,0
409,0,0,2.659701457,0.223693308,629.0984513,228388.4802,0,0
410,0,0,2.758518995,0.213046184,622.4955752,228598.4598,0,0
411,0,0,2.657243847,0.218430241,629.8207965,228803.7929,0,0
412,0,0,2.440839109,0.218905559,638.0685841,229015.2493,0,0
413,0,0,2.287143944,0.20239906,649.005531,229221.7665,0,0
414,0,0,2.291870117,0.206452226,647.795354,229421.7331,0,0
415,0,0,2.251333051,0.203600318,651.4679204,229626.2349,0,0
416,0,0,2.306939859,0.200679273,647.6747788,229818.0763,0,0
417,0,0,2.282444777,0.199512583,649.2964602,230022.7456,0,0
418,0,0,2.166342946,0.19829404,657.7345133,230203.8485,0,0
419,0,0,2.168206409,0.19591745,655.4026549,230412.9587,0,0
420,0,0,2.233616652,0.191846999,650.2511062,230590.7391,0,0
421,0,0,2.236479363,0.194206305,651.2112832,230789.6832,0,0
422,0,0,2.18262799,0.198354535,657.0066372,230963.8241,0,0
422,0,0,2.406459572,0.211499239,652.5044248,231162.4862,0,0
423,0.603636615,9.787122338,3.433497606,0.28326362,670.9955752,231377.4533,0,1
424,2.896155973,19.39918721,8.517267008,0.813070382,1090.234513,231763.057,0,1
425,7.145049779,22.28350344,11.33333729,0.997614768,1441.013274,232590.3173,0,1
426,10.86725664,22.81558957,13.28467985,1.20465466,1764.466814,233606.8758,0,1
427,14.01472622,9.274535053,7.887578644,0.689046944,1443.922566,234709.0868,0,1
428,14.88184458,6.718701388,4.850647513,0.370765348,1274.938053,235297.1444,0,1
429,15,8.073033696,4.824991142,0.387513827,1178.066372,235683.2048,0,1
430,15.12831858,7.71484375,4.925321056,0.394790514,1189.266593,236065.1416,0,1
431,15.26313606,7.696533203,4.921216036,0.377921045,1199.783186,236447.1828,0,1
432,15.36262445,7.696128103,4.942902422,0.368630738,1205.942478,236815.448,0,1
433,15.3755531,7.681220401,4.950977427,0.388792865,1209.497788,237167.9481,0,1
434,15.27475111,1.661344545,4.065697594,0.309501175,1178.330752,237559.1358,0,1
435,13.72670077,0,3.474763853,0.248634541,1029.722345,237825.1576,0,1
436,9.775165929,0,2.806077805,0.211689367,823.1847345,238083.9443,0,1
437,5.965707965,0,2.665399872,0.205078125,669.494469,238272.6269,0,1
438,2.609582412,0,2.885477522,0.24468508,649.9557522,238510.5361,0,1
439,0.427959071,0,2.775857301,0.235558974,645.9236726,238725.4353,0,1
440,0,0,2.640094588,0.227314367,639.8528761,238968.2895,0,0
441,0,0,2.256977453,0.218741358,656.3230088,239173.5317,0,0
442,0,0,2.249469588,0.199158255,654.8971239,239385.9985,0,0
443,0,0,2.320389199,0.194672981,649.5674779,239564.2618,0,0
444,0,0,2.281526549,0.197300194,653.2079646,239766.9968,0,0
445,0,0,2.292221204,0.197300194,649.9789823,239945.8577,0,0
446,0,0,2.324629252,0.19341987,652.2688053,240157.6824,0,0
447,0,0,2.247309052,0.192858131,649.7289823,240317.9056,0,0
448,0,0,2.174498972,0.221861173,664.9579646,240521.501,0,0
449,0,0,2.229565646,0.21013378,661.9646018,240727.548,0,0
450,0,0,2.222705942,0.202701535,658.7820796,240938.8386,0,0
451,0,0,2.227567149,0.197602669,659.7455752,241124.8099,0,0
452,0,0,2.229025512,0.189565473,653.2433628,241328.3197,0,0
453,0,0,2.2575716,0.19398161,647.9424779,241502.7862,0,0
454,0,0,2.233373591,0.200532356,658.574115,241713.3225,0,0
455,0,0,2.191027076,0.191656872,657.8108407,241886.5682,0,0
456,0,0,2.247255038,0.191121059,650.0099558,242097.2706,0,0
457,0,0,2.230780948,0.199642215,659.0486726,242276.7424,0,0
458,0,0,2.2213286,0.196297705,655.6913717,242475.2974,0,0
459,0,0,2.251198017,0.192244538,647.6028761,242664.7207,0,0
459,0,0,2.233724679,0.203125,656.4988938,242846.1769,0,0
460,0,0,2.598585281,0.237952848,677.2787611,243053.4274,0,0
461,0.729327987,5.271276963,3.229245886,0.301403485,695.9314159,243295.1081,0,1
462,2.661642699,16.5637261,7.147405844,0.649102945,973.8042035,243646.4032,0,1
463,6.163716814,19.5650894,9.007681788,0.789805725,1291.106195,244312.9274,0,1
464,9.141454646,22.55608213,11.96904815,1.081650996,1580.514381,245121.3776,0,1
465,12.55302821,22.93198847,12.91104207,1.197040929,1692.603982,246280.883,0,1
466,15.55890487,20.97338111,11.49418924,1.017932453,1586.985619,247358.2033,0,1
467,18.12748894,20.63085505,10.01678737,0.887029867,1434.457965,248356.418,0,1
468,20.14933628,22.37019497,11.91770841,1.094190749,1597.06969,249262.7096,0,1
469,22.73451327,23.44552099,13.74049904,1.236457757,1796.037611,250406.4827,0,1
470,25.17415653,23.2309257,13.36248617,1.184898714,1918.871681,251628.2555,0,1
471,27.27108684,22.61025758,11.48246833,1.010482923,1445.275442,252753.7013,0,2
472,28.96460177,21.60949707,11.31092173,1.008521156,1490.638274,253779.3469,0,2
473,30.54528485,20.50424761,11.09278856,1.011813814,1568.573009,254707.5615,0,2
474,31.72179204,15.18811251,9.132479777,0.772651065,1626.516593,255705.2353,0,2
475,32.26700774,13.25156963,8.227782123,0.674407149,1655.065265,256401.6258,0,2
476,32.4838219,7.543864292,6.430377791,0.488212113,1664.695796,257083.6722,0,2
477,32.32148783,6.93367477,5.913874533,0.436056762,1655.734513,257520.6546,0,2
478,31.98472069,6.719241522,5.821376564,0.435780213,1637.974558,257989.4389,0,2
479,31.6460177,6.692126789,5.775789244,0.465396847,1619.585177,258378.3663,0,2
480,31.27710177,6.652832031,5.660092514,0.457134956,1600.800885,258877.4374,0,2
481,30.9170354,7.354277214,5.68874663,0.444785329,1580.744469,259285.5241,0,2
482,30.65044248,9.548788155,6.378794982,0.530351217,1568.834071,259772.8107,0,2
483,30.62451604,11.30835609,7.048183205,0.602625484,1566.857301,260282.7958,0,2
484,30.75331858,11.93237305,7.446100016,0.656353706,1574.867257,260921.0275,0,2
485,30.95685841,11.77122403,7.415420397,0.647599212,1586.977876,261534.9881,0,2
486,31.1670354,11.4654541,7.293755185,0.616634403,1595.995575,262158.4882,0,2
487,31.30247511,11.4654541,7.306475344,0.611596032,1604.32854,262777.7447,0,2
488,31.47407356,11.4654541,7.390871301,0.617403554,1612.615044,263395.0527,0,2
489,31.56056416,9.577820364,6.596361008,0.543037887,1616.761062,263980.3265,0,2
490,31.52170907,9.149169922,6.517474419,0.503206236,1613.641593,264519.6177,0,2
491,31.4146156,9.142688312,6.51107383,0.52838945,1608.446903,265005.5375,0,2
492,31.34001659,9.112548828,6.486956841,0.517457135,1604.035398,265558.0848,0,2
493,31.23817754,9.036713997,6.427082973,0.520205337,1598.946903,266045.3043,0,2
494,31.11732577,9.033203125,6.408124265,0.520343612,1593.320796,266587.8942,0,2
495,31.03214878,8.996149924,6.389354605,0.512971861,1588.831858,267078.607,0,2
496,30.88986449,6.711787671,5.440527992,0.450791621,1579.511062,267598.7356,0,2
497,30.15286228,0.486120713,4.398285182,0.296684873,1538.090708,267995.3747,0,2
498,28.32300885,0,5.366367576,0.156811739,1444.389381,268267.8558,0,2
499,25.63723728,0,4.743700956,0,1310.517699,268383.625,0,2
500,23.30461836,0,4.391938606,0.008192754,1190.817478,268391.3594,0,2
501,19.97013274,0,3.066503474,0.351994607,911.8606195,268462.4804,0,2
502,17.30662334,0,2.378804705,0.278458587,787.3794248,268802.9538,0,2
503,14.08185841,0,2.081217808,0.183982647,742.9269912,269025.3012,0,2
504,11.62410122,0,1.951909698,0.154020326,658.9413717,269217.7109,0,2
505,9.963702987,0,1.974082204,0.160804411,637.1084071,269356.6847,0,2
506,7.375138274,0,2.145520776,0.177656596,634.2466814,269529.6253,0,2
507,3.019081858,0,2.669018771,0.237105918,629.2776549,269709.0738,0,2
508,0.262859513,0,2.589538034,0.231670008,630.5707965,269949.5325,0,0
509,0,0,2.573658091,0.229198355,633.6272124,270156.8804,0,0
510,0,0,2.587323484,0.22386615,634.7997788,270395.7494,0,0
511,0,0,2.561748133,0.2220513,635.8993363,270596.7212,0,0
512,0,0,2.612358701,0.222008089,638.2688053,270828.4524,0,0
512,0,0,2.594345228,0.228066233,637.2533186,271023.0411,0,0
513,0,0,2.165586759,0.207325083,659.505531,271262.7366,0,0
514,0,0,2.258543842,0.202208933,653.4115044,271436.2554,0,0
515,0,0,2.288548292,0.203652171,653.3727876,271651.0723,0,0
516,0,0,2.280662334,0.198501452,649.9845133,271837.1539,0,0
517,0,0,2.310666785,0.193048258,649.7433628,272046.8887,0,0
518,0,0,2.220356359,0.183464118,650.8451327,272210.5837,0,0
519,0,0,2.286576803,0.196427337,645.210177,272401.3818,0,0
520,0,0,2.171339187,0.216926507,661.1946903,272585.107,0,0
521,0,0,2.227459123,0.219251244,658.6161504,272805.432,0,0
522,0,0,2.200128336,0.216961076,661.255531,273010.9638,0,0
523,0,0,2.196752498,0.200938537,655.3042035,273209.9104,0,0
524,0,0,2.221274587,0.200420008,655.7931416,273423.9748,0,0
525,0,0,2.22330009,0.194906319,650.5962389,273605.2352,0,0
526,0,0,2.225460626,0.189556831,649.039823,273804.9152,0,0
527,0,0,2.234669913,0.190896363,647.2057522,273984.9441,0,0
528,0,0,2.224218318,0.183982647,648.5276549,274171.4089,0,0
529,0.066371681,0,2.829141532,0.226735343,643.6272124,274363.3068,0,1
530,1.334070796,3.05243298,3.090215362,0.245117188,682.1880531,274582.7703,0,1
531,2.64795354,10.73778541,5.599165385,0.480451466,859.9214602,274874.574,0,1
532,5.337251106,13.68921331,6.844606653,0.610515763,1148.288717,275339.0566,0,1
533,7.346861173,16.48232789,7.695966062,0.642206513,1275.363938,275999.7641,0,1
534,9.331650996,16.55883789,8.727379183,0.769444829,1510.09292,276578.0065,0,1
535,11.21619192,16.86263633,9.004359963,0.795984859,1492.188053,277429.1036,0,1
536,13.19814712,16.2246299,8.169042537,0.72716745,1348.996681,278152.3574,0,1
537,14.64000277,17.79104587,8.840915376,0.799960246,1440.905973,278922.3803,0,1
538,16.44711007,19.59379753,9.10031479,0.810322179,1353.009956,279684.3421,0,1
539,18.52779314,21.4650652,10.76276661,0.967626521,1459.164823,280515.354,0,1
540,20.74910122,21.7590332,11.94954931,1.063018529,1640.301991,281446.9368,0,1
541,23.10833794,20.79278726,12.24786539,1.060581444,1815.034292,282553.2648,0,1
542,24.87824945,18.93793967,9.330898049,0.766290445,1415.237832,283489.1456,0,1
543,26.26403485,20.29932073,9.612010855,0.815023507,1348.070796,284308.2006,0,1
544,27.59679204,21.47478762,10.6624367,0.961283186,1418.38385,285062.7275,0,1
545,29.13087666,23.03763871,12.14510487,1.091848728,1501.159292,286104.1231,0,2
546,31.02433628,24.10391748,13.32662127,1.178054134,1596.207965,287137.8541,0,2
547,33.03761062,25.01685218,14.8449653,1.274690611,1701.050885,288387.2261,0,2
548,35.20582135,25.10246344,15.14935789,1.286037749,1809.861726,289630.3001,0,2
549,37.17408739,25.11901855,14.66931368,1.284542658,1912.451327,290900.4375,0,2
550,38.78014381,25.33488316,14.30520927,1.227824253,1708.689159,292254.2306,0,2
551,40.28691925,26.91218283,15.61514255,1.33674122,1542.105088,293391.8671,0,2
552,41.91420077,27.70731428,16.60780105,1.407027793,1605.769912,294818.7706,0,2
553,43.73589602,28.19446125,18.03615874,1.442434665,1671.434735,296089.6399,0,2
554,45.57411504,28.7032946,20.17978905,1.576863247,1743.525442,297663.5348,0,2
555,47.46031527,24.88465436,16.245155,1.316985274,1811.94469,299161.5614,0,2
556,48.55613938,17.49675379,10.71831357,0.846221654,1850.625,300362.6473,0,2
557,48.85965155,14.97997183,8.909782477,0.663483476,1860.5,301192.9046,0,2
558,48.77495852,15.29622036,8.7842283,0.696047082,1859.675885,301802.8301,0,2
559,48.81872235,17.48441173,9.884184441,0.850335315,1861.412611,302598.8964,0,2
560,49.00511615,17.6570386,10.01889389,0.878595133,1868.370575,303382.6144,0,2
561,49.19780144,17.70629883,10.05084283,0.893139864,1876.630531,304360.19,0,2
562,49.40749447,17.70629883,10.06688481,0.877929688,1884.473451,305167.741,0,2
563,49.59381914,17.70629883,10.03185711,0.870583863,1892.141593,306123.2562,0,2
564,49.80876659,17.17993812,9.789174848,0.852055102,1898.388274,306918.5153,0,2
565,49.7613385,13.86197521,8.331433862,0.654435149,1746.672566,307774.9902,0,2
566,49.60501936,12.58193835,7.520044377,0.620385094,1564.826327,308396.3551,0,3
567,49.30689989,2.334081599,4.517951898,0.309656734,1339.358407,308967.9076,0,3
568,48.40749447,0,3.662406449,0.322948355,1265.801991,309253.4562,0,3
569,46.70948562,0,3.059751798,0.267301576,1304.56969,309576.8144,0,3
570,44.01887445,0,4.17634407,0.0579888,1230.78208,309806.2775,0,3
571,41.46529314,0,4.835361717,0,1435.629425,309841.8125,0,3
572,39.22483407,0,5.051199314,0,1491.744469,309841.8125,0,3
573,37.59464878,0,5.040153571,0,1433.815265,309841.8125,0,3
573,36.23285398,1.955690637,4.338978455,0.283851286,1382.490044,309877.5317,0,3
574,35.28774889,3.413242576,3.561077287,0.500458034,1343.938053,310250.0469,0,3
575,34.58531527,8.828168211,5.329395395,0.493086283,1385.357301,310727.1688,0,3
576,34.2457135,11.04833552,6.42243782,0.555802337,1451.024336,311188.9809,0,3
577,34.21792035,13.4697028,7.311687638,0.629606264,1419.160398,311799.5892,0,3
578,34.41420077,13.48266602,6.982421875,0.575411366,1312.727876,312368.6858,0,3
579,34.55164546,13.48266602,6.973509662,0.599168626,1317.080752,312906.2489,0,3
580,34.70243363,12.2164836,6.460598296,0.577338565,1322.446903,313548.723,0,3
581,34.66668971,9.272320503,5.430859591,0.440740805,1320.861726,314043.2237,0,3
582,34.48271571,9.259033203,5.465104095,0.433999931,1314.193584,314500.0183,0,3
583,34.28277102,9.259033203,5.410550548,0.418824322,1307.649336,314908.4118,0,3
584,33.97808352,9.259033203,5.407984911,0.397780697,1299.248894,315319.1995,0,3
585,33.79991704,9.950674952,5.545962173,0.424631845,1291.943584,315710.3856,0,3
586,33.6610896,9.506117559,5.422784586,0.421097207,1286.429204,316138.9309,0,3
587,33.37423949,3.987513179,4.341814159,0.328997857,1271.269912,316530.9831,0,3
588,32.17526272,0,4.573666733,0.160657494,1226.754425,316837.9907,0,3
589,29.50463219,0,3.679312647,0.100577295,1067.006637,316945.742,0,3
590,26.73036504,0,2.557211007,0.270628803,1061.25,317127.1789,0,3
591,23.73838496,0,1.84415294,0.169844096,837.7964602,317343.042,0,3
592,20.73700221,0,1.65983217,0.15649198,686.1050885,317524.734,0,3
593,17.9501521,0,1.673092462,0.156509264,640.164823,317663.0335,0,3
594,15.06768529,0,1.638442858,0.158116704,636.5088496,317830.5093,0,3
595,12.04348728,0,1.640549381,0.146199184,639.2831858,317979.0731,0,3
596,9.317477876,0,1.850661556,0.153709209,624.9789823,318114.8895,0,3
597,6.357923119,0,2.255330044,0.175936809,616.829646,318270.003,0,3
598,3.312914823,0,2.604175669,0.20739422,619.704646,318452.395,0,3
599,0.820519912,0,2.598558274,0.205043556,623.9037611,318649.4703,0,3
600,0.008849558,0,2.598639294,0.207385578,626.4524336,318848.5852,0,0
601,0,0,2.263513076,0.200031112,649.0752212,319040.1157,0,0
602,0,0,2.235885215,0.18468266,647.0918142,319244.6914,0,0
603,0,0,2.201019557,0.188614837,649.7323009,319402.9746,0,0
604,0,0,2.216872494,0.189842022,652.465708,319608.3449,0,0
605,0,0,2.253439574,0.191613662,651.1935841,319781.2987,0,0
606,0,0,2.163318195,0.181709762,652.2765487,319976.4668,0,0
607,0,0,2.192458431,0.177777586,644.5884956,320137.2046,0,0
608,0,0,2.139984401,0.182824599,650.4236726,320321.223,0,0
609,0,0,2.153973875,0.187041966,653.8440265,320490.3003,0,0
610,0,0,2.147978386,0.188286435,654.9646018,320684.022,0,0
611,0,0,2.155351217,0.185814782,651.3086283,320862.3462,0,0
612,0,0,2.180143373,0.178408462,646.0785398,321059.0528,0,0
613,0,0,2.191000069,0.181001106,646.5630531,321222.5713,0,0
613,0,0,2.163750302,0.184708587,652.914823,321409.0351,0,0
614,0,0,2.149436748,0.185097483,653.0597345,321578.6182,0,0
615,0,0,2.150165929,0.184406112,652.3119469,321759.5434,0,0
616,0,0,2.167963349,0.176291137,646.6725664,321919.3382,0,0
617,0,0,2.181574729,0.194845824,649.8971239,322108.3291,0,0
618,0.453401549,5.534457316,2.856148239,0.238480019,681.8926991,322299.54,0,0
619,2.305378872,18.75775092,7.301533117,0.664779798,960.1150442,322613.4112,0,1
620,6.497580199,20.56774038,10.16626949,0.984789823,1408.024336,323345.2161,0,1
621,10.09451051,20.62872152,11.20184164,0.965742533,1667.161504,324305.1477,0,1
622,12.97739215,12.02184626,8.921746448,0.817763067,1490.542035,325246.8751,0,1
623,14.24260232,0.067084658,4.038366807,0.316250691,1200.736726,325915.385,0,1
624,13.89836836,4.300980019,3.213987097,0.245039408,1118.577434,326219.8724,0,1
625,13.60170077,7.951260457,4.296766973,0.333293003,1175.301991,326494.1305,0,1
626,13.71204369,9.016215907,5.108912645,0.406777171,1223.742257,326823.4184,0,1
627,13.94731748,8.028634671,4.889051049,0.372415998,1231.536504,327244.2456,0,1
628,14.02986726,5.47539365,4.100158151,0.32635336,1205.409292,327581.3385,0,1
629,13.70436947,0.486579828,3.185657062,0.218369746,999.3849558,327891.0588,0,1
630,12.23167865,0,3.032799105,0.234184873,933.0575221,328094.6055,0,1
631,9.677889934,0,2.546651384,0.189358061,761.5287611,328324.988,0,1
632,7.89332135,0,2.261190499,0.212017768,693.2013274,328504.0975,0,1
633,4.864836836,0,2.623404444,0.222025373,651.7168142,328730.0313,0,1
634,1.104327987,0,2.70280416,0.226942754,641.5199115,328923.7363,0,1
635,0.015486726,0,2.510489405,0.21069552,633.7422566,329157.7934,0,1
636,0,0,2.110250017,0.180828263,648.7566372,329333.7934,0,0
637,0,0,2.081595902,0.190853153,652.6603982,329528.4303,0,0
638,0,0,2.083972492,0.192434665,654.8030973,329705.3108,0,0
639,0,0,2.155783324,0.184457965,645.6504425,329887.7985,0,0
640,0,0,2.101688891,0.179497373,650.3871681,330075.2305,0,0
641,0,0,2.264107223,0.167821834,631.5995575,330230.5928,0,0
642,0,0,2.196590457,0.173223175,639.9789823,330409.9748,0,0
643,0,0,2.158429981,0.17876279,644.3783186,330567.354,0,0
644,0,0,2.182087856,0.184094994,649.3152655,330752.7606,0,0
645,0,0,2.147978386,0.184501175,651.6283186,330919.7023,0,0
646,0,0,2.172338435,0.176861518,643.4081858,331117.7564,0,0
647,0,0,2.185301654,0.183567824,648.8506637,331283.9127,0,0
648,0,0,2.146006896,0.181225802,652.8672566,331468.5283,0,0
648,0,0,2.233238558,0.17852081,639.0188053,331643.9206,0,0
649,0,0,2.125940914,0.184466607,650.2289823,331815.7929,0,0
650,0,0,2.187030083,0.18347276,647.8440265,332008.4903,0,0
651,0,0,2.205745731,0.178736864,642.6814159,332173.4266,0,0
652,0,0,2.12596792,0.183049295,650.295354,332363.633,0,0
653,0,0,2.205583691,0.182470271,647.9391593,332529.7739,0,0
654,0,0,2.199318135,0.186186394,651.9623894,332716.6305,0,0
655,0,0.008291059,2.53873842,0.236794801,690.0088496,332888.7204,0,0
656,1.079300332,5.493191069,3.226086102,0.279253664,725.6769912,333150.2774,0,0
657,2.993501106,12.12763153,5.951278822,0.545181139,953.6438053,333452.0794,0,1
658,5.901341261,15.20904271,7.129770465,0.645473244,1201.571903,334026.6153,0,1
659,8.097483407,18.7966946,8.431655749,0.697861933,1365.980088,334643.3063,0,1
660,10.48561947,21.82079754,12.04555815,1.11066268,1706.889381,335434.3097,0,1
661,13.76472622,23.36331258,12.73206863,1.148817754,1590.934735,336524.3803,0,1
662,17.05565542,23.39782715,12.43485982,1.093940127,1569.127212,337650.9504,0,1
663,19.94669524,23.39782715,12.71248877,1.089100525,1581.290929,338718.6737,0,1
664,22.81747788,23.39782715,13.44129174,1.168141593,1800.073009,339811.9275,0,1
665,25.29860343,23.39782715,13.01231722,1.104224281,1839.785398,340941.755,0,1
666,27.45810288,23.39782715,11.70913561,1.00708656,1417.654867,342061.8919,0,2
667,29.26707688,20.85873764,11.14520858,0.957696695,1507.150442,342978.7062,0,2
668,30.77039546,18.21551028,9.828739673,0.839731402,1578.047566,343976.7511,0,2
669,31.64926715,12.67613774,8.073087709,0.640858338,1622.536504,344715.8804,0,2
670,31.98824668,9.314856065,6.607919879,0.509005116,1637.859513,345345.7535,0,2
671,31.96792035,8.474974506,6.051608735,0.464031388,1636.716814,345836.0524,0,2
672,31.71370299,6.807958552,5.528461828,0.423050332,1624.795354,346279.719,0,2
673,31.40936117,6.707007484,5.494892492,0.437266662,1606.663717,346731.911,0,2
674,31.04549226,7.451663397,5.387945935,0.431727046,1589.663717,347125.4047,0,2
675,30.84243639,10.48583984,6.627850828,0.538224212,1579.397124,347613.0572,0,2
676,30.83897954,10.49610239,6.687535649,0.541404522,1580.056416,348095.1374,0,2
677,30.91779591,10.62235874,6.746545302,0.555024544,1584.168142,348700.3339,0,2
678,30.98783186,10.65017565,6.750380254,0.586136269,1587.981195,349195.7022,0,2
679,31.08939436,10.69946289,6.809686981,0.573864422,1592.880531,349835.4693,0,2
680,31.18549502,10.69946289,6.773795069,0.553434389,1596.865044,350339.3411,0,2
681,31.25,10.69946289,6.802125104,0.559665376,1600.706858,350940.0961,0,2
682,31.31132467,10.69946289,6.814197101,0.551014588,1604.175885,351448.3338,0,2
683,31.37527655,10.69946289,6.842041016,0.552959071,1607.345133,352047.6384,0,2
684,31.45084347,10.69946289,6.808282633,0.561825913,1610.740044,352559.8234,0,2
685,31.5,10.69946289,6.838719191,0.554454162,1613.95354,353137.5874,0,2
686,31.56775442,10.69946289,6.864537602,0.554955407,1618.043142,353688.3966,0,2
687,31.62541482,10.69946289,6.867886434,0.558775235,1621.580752,354229.7313,0,2
688,31.73451327,10.69946289,6.874854164,0.559570313,1625.675885,354790.1991,0,2
689,31.78595133,10.60599268,6.859487348,0.558135716,1628.752212,355323.1276,0,2
690,31.80199115,9.107930681,6.257966978,0.507760647,1628.92146,355899.3827,0,2
691,31.58960177,3.947516247,5.097704862,0.421745368,1610.220133,356352.0967,0,2
692,30.57432246,0,5.518280299,0.284810564,1557.772124,356785.2095,0,2
693,27.84243639,0,5.005855054,0.04852565,1422.685841,357004.2175,0,2
694,25.78373894,0,4.592868501,0,1319.68031,357038.6719,0,2
695,23.43743086,0,4.134213608,0,1197.584071,357038.6719,0,2
696,21.00311117,0,2.965822473,0.269297912,965.0685841,357089.238,0,2
697,18.84817478,0,2.373538397,0.306614699,763.2610619,357358.9599,0,2
698,15.95506084,0,2.145007648,0.202796598,759.1559735,357653.4701,0,2
699,11.63917312,0,1.897518192,0.178365252,687.7997788,357829.7604,0,2
700,7.279245022,0,2.127912403,0.183870299,640.6426991,358016.9811,0,2
701,3.591122788,0,2.56890491,0.231142837,629.2743363,358199.3861,0,2
702,0.953055863,0,2.52553214,0.221463634,628.7035398,358425.1828,0,2
703,0.014380531,0,2.561072966,0.21991669,626.7721239,358637.9534,0,2
704,0,0,2.489883288,0.226052613,640.3307522,358863.572,0,0
705,0,0,1.94853386,0.192019842,659.9137168,359057.203,0,0
706,0,0,2.05323886,0.193627282,656.9192478,359268.2564,0,0
707,0,0,2.059261356,0.19390383,658.1272124,359431.4303,0,0
708,0,0,2.063663449,0.197256983,657.5276549,359645.6043,0,0
709,0,0,2.099555362,0.187949392,651.1670354,359827.4638,0,0
710,0,0,2.202153839,0.169325567,632.3086283,360014.4125,0,0
710,0,0,2.130883141,0.17767388,643.204646,360180.7933,0,0
711,0,0,2.151597285,0.182323355,645.1957965,360358.0318,0,0
712,0,0,2.070361112,0.184820935,654.6150442,360543.0411,0,0
713,0,0,2.114030956,0.186523438,650.5862832,360704.5572,0,0
714,0,0,2.071225327,0.18669628,655.3174779,360896.7637,0,0
715,0,0,2.119108217,0.179765279,645.1349558,361074.0624,0,0
716,0,0,2.136257475,0.179065265,641.8362832,361237.2125,0,0
717,0,0,2.077625916,0.183576466,648.9900442,361427.0326,0,0
718,0,0,2.122889156,0.178382536,645.9358407,361587.3438,0,0
719,0,0,2.101985965,0.182885094,649.1692478,361783.9468,0,0
720,0,0,2.130829127,0.179091192,645.1084071,361937.2666,0,0
721,0,0,2.069442884,0.178287472,648.0409292,362134.9816,0,0
722,0,0,2.089967981,0.179912196,645.2920354,362294.8269,0,0
723,0,0,2.149139674,0.192045769,640.579646,362484.9455,0,0
724,0.524059735,0.040564073,2.696997718,0.256447041,678.1061947,362677.1034,0,0
725,2.101493363,5.028459667,3.3251467,0.267897884,729.8064159,362929.4165,0,1
726,3.717436394,9.548923189,5.448062863,0.474937777,956.0066372,363212.3897,0,1
727,5.909015487,12.65031933,6.027761814,0.499801231,1116.065265,363720.5163,0,1
728,7.469648783,14.08623889,6.707979726,0.559380185,1258.581858,364205.8883,0,1
729,9.170353982,15.32125557,8.068361536,0.699236034,1468.908186,364783.2373,0,1
730,10.95865597,17.68528761,8.985779349,0.802034361,1517.198009,365499.1997,0,1
731,13.10944414,19.51599121,9.383561126,0.873729605,1410.324115,366285.5358,0,1
732,15.13087666,19.51599121,9.844268529,0.87041102,1505.355088,367175.9115,0,1
733,17.36601217,19.63282222,9.231297316,0.799709624,1381.288717,367948.8742,0,1
734,19.2685979,19.72764277,9.931716244,0.864802268,1520.733407,368811.8551,0,1
735,21.24557522,19.9565246,10.73832554,0.937508642,1672.948009,369605.654,0,1
736,23.09796737,19.87766502,10.93633871,0.936549364,1775.314159,370609.3171,0,1
737,24.76659292,19.58394008,8.983645819,0.756032218,1309.806416,371427.2548,0,1
738,26.17194414,20.06195879,9.368950498,0.78044628,1343.06969,372231.4385,0,1
739,27.51769912,20.98318454,10.17882761,0.874723451,1414.022124,372976.4029,0,1
740,29.01852876,23.83317525,12.2317964,1.053650442,1496.338496,373859.0509,0,1
741,31.12002212,25.7144084,14.61878414,1.223606886,1601.619469,374922.2716,0,1
742,33.38723728,26.07891792,15.55540372,1.294679895,1721.115044,376188.1124,0,1
743,35.76355088,26.18084123,15.5086281,1.286893321,1839.17146,377425.818,0,1
744,37.9237417,26.53503418,15.39636122,1.326171875,1951.65708,378820.5101,0,1
745,39.77433628,26.53503418,15.29443791,1.309069068,1815.110619,380030.4577,0,1
746,41.41067478,26.53503418,15.29986626,1.258477945,1583.464602,381417.9798,0,2
747,43.08261892,26.7147098,15.57282304,1.311143183,1645.642699,382569.9764,0,2
748,44.71570796,27.99949984,17.48354751,1.435581444,1709.691372,384007.3715,0,2
749,46.52482024,27.85909197,17.55970643,1.443912472,1778.884956,385361.5632,0,2
750,48.21010785,22.80602919,14.69386278,1.234815749,1838.897124,386828.8584,0,2
751,48.94628042,14.70045242,8.848855348,0.650900512,1865.570796,387881.3314,0,2
752,49.00829646,14.2791748,8.450857517,0.626348175,1867.617257,388538.3562,0,2
753,48.94634956,14.2791748,8.413642276,0.687586421,1865.902655,389180.1554,0,2
754,48.87790376,14.2791748,8.436381922,0.702390418,1863.982301,389859.7406,0,2
755,48.8653208,14.28233459,8.381693342,0.688286435,1861.702434,390569.9704,0,2
756,48.80496405,14.38279954,8.43262799,0.694655697,1858.948009,391251.8191,0,3
757,48.73064159,14.41650391,8.425309173,0.691864284,1856.673673,391933.0095,0,2
758,48.63163717,14.41650391,8.365408298,0.68548638,1854.100664,392635.5451,0,2
759,48.62285675,14.41650391,8.385123194,0.685313537,1851.452434,393279.2088,0,2
760,48.52329923,14.41650391,8.373051196,0.692443308,1849.057522,394016.6799,0,2
761,48.47199945,12.12074482,7.924469804,0.651470893,1846.172566,394684.9298,0,2
762,47.98555033,0.494033678,6.015527776,0.325350871,1820.466814,395290.0774,0,3
763,46.67249723,0,6.513963547,0.035648852,1775.587389,395542.8059,0,3
764,45.15555863,0,6.378173828,0,1719.048673,395572.4531,0,3
765,43.71909569,0,6.189829058,0,1662.674779,395572.4531,0,3
766,42.16212666,0,6.009208207,0,1606.307522,395572.4531,0,3
767,40.72946626,0,5.750970081,0,1551.118363,395572.4531,0,3
768,39.34195243,0,5.499969752,0,1496.338496,395572.4531,0,3
769,37.82376936,0,5.248807384,0,1441.744469,395572.4531,0,3
770,36.40445243,0,5.029350888,0,1387.952434,395572.4531,0,3
771,35.16136615,2.365247338,3.736620878,0.387142215,1341.184735,395626.9575,0,3
772,34.33420907,4.568157365,3.758550323,0.474600733,1311.400442,396070.6618,0,3
773,33.72130808,7.419066303,4.475524362,0.38172359,1290.495575,396479.3856,0,3
774,33.48783186,12.30773926,5.955383841,0.475827918,1280.612832,396909.7219,0,3
775,33.55420354,13.72569937,6.716918945,0.553192409,1283.422566,397354.1279,0,3
776,33.70962389,13.73596191,6.703793686,0.564262998,1288.840708,397943.1975,0,3
777,33.88129148,13.82089801,6.739955666,0.586162196,1296.456858,398457.12,0,3
778,34.14733131,13.84887695,6.831076293,0.597422912,1305.377212,399074.2606,0,3
779,34.47082412,13.84887695,6.824945771,0.579637376,1314.94469,399625.1397,0,3
779,34.68120852,13.81285001,6.879634351,0.585660951,1322.004425,400219.941,0,3
780,34.84298949,13.06079426,6.626986613,0.558204853,1329.132743,400788.072,0,3
781,34.97676991,9.862660096,5.76155671,0.476458794,1332.401549,401339.1499,0,3
782,34.49937777,0,4.433636961,0.230209486,1309.122788,401736.1893,0,3
783,32.55475664,0,4.492133487,0.047635509,1242.09292,401942.6513,0,3
784,29.95305586,0,3.933823847,0.038630393,1114.719027,401972.2813,0,3
785,28.0528208,0,2.785390668,0.427405973,944.9568584,402115.9357,0,3
786,25.4417865,0,1.692591304,0.195580407,877.2234513,402450.5615,0,3
787,22.47255254,0,1.547835358,0.141333656,699.6028761,402654.0326,0,3
788,19.41385509,0,1.573032615,0.139449668,637.5232301,402780.2631,0,3
789,16.22289823,0,1.70771506,0.146657218,626.1128319,402929.5487,0,3
790,12.60778485,0,1.697047411,0.142206513,631.1482301,403063.8874,0,3
791,9.17871958,0,1.830055439,0.147132536,621.5022124,403206.7854,0,3
792,6.107508296,0,2.261703626,0.182608545,619.4955752,403355.0949,0,3
793,3.479327987,0,2.487182617,0.216295631,626.6050885,403552.9701,0,3
794,1.167035398,0,2.481484202,0.216001798,627.3528761,403744.8675,0,0
795,0.021017699,0,2.488019825,0.206590501,627.9435841,403974.117,0,0
796,0,0,2.1351502,0.194361864,643.0188053,404155.2139,0,0
797,0,0,1.981671089,0.177518321,648.0840708,404349.6249,0,0
798,0,0,2.028878811,0.183550539,647.9557522,404510.154,0,0
799,0,0,2.023423457,0.184691303,648.8285398,404699.4336,0,0
800,0,0,2.051240364,0.185512306,648.7267699,404870.335,0,0
801,0,0,2.051807505,0.185149336,645.9137168,405054.0021,0,0
802,0,0,2.045271882,0.180983822,646.045354,405228.536,0,0
803,0,0,2.09874516,0.176524475,643.3982301,405415.7829,0,0
804,0,0,2.14368432,0.176152862,638.1725664,405575.6464,0,0
805,0,0,2.045676983,0.179860343,645.704646,405765.3386,0,0
806,0,0,2.079192305,0.182781388,643.3550885,405934.3554,0,0
807,0,0,2.066067046,0.182228291,647.0210177,406124.8056,0,0
808,0,0,2.115732379,0.176325705,639.449115,406299.2226,0,0
809,0,0,2.154649042,0.17481333,637.8794248,406474.1648,0,0
810,0,0,2.100689643,0.179661574,642.8705752,406648.2084,0,0
811,0,0,2.07103628,0.180180102,645.0298673,406815.7105,0,0
812,0,0,2.152650546,0.176075083,639.7068584,406996.2059,0,0
813,0,0,2.112599601,0.182522124,642.6814159,407159.4083,0,0
814,0,0,2.088293565,0.178676369,644.8915929,407340.8386,0,0
815,0,0,2.127021182,0.174994815,640.7057522,407507.8602,0,0
816,0,0,2.088698666,0.182297428,645.8019912,407680.8046,0,0
816,0,0,2.128209477,0.178322041,642.0265487,407862.6712,0,0
817,0,0,2.127102202,0.172894773,638.1725664,408016.7243,0,0
818,0,0,2.122862149,0.180309735,641.1725664,408200.2168,0,0
819,0,0,2.051051317,0.182435702,650.0829646,408364.4605,0,0
820,0,0,2.169691778,0.179868985,640.1902655,408550.661,0,0
821,0,0,2.038304152,0.176533117,639.8893805,408710.999,0,0
822,0,0,2.318795803,0.214852392,663.6847345,408906.5409,0,0
823,0.863938053,4.201946427,2.803593188,0.230019358,688.0044248,409103.4953,0,1
824,2.551161504,9.958101796,5.134569016,0.43999758,864.3639381,409378.2998,0,1
825,5.118570243,13.15969281,6.137463055,0.520490528,1101.526549,409810.0676,0,1
826,7.082204093,14.53525239,6.527466901,0.512505185,1213.431416,410333.2272,0,1
827,8.799294801,15.14282227,7.596257303,0.62439505,1415.554204,410859.4288,0,1
828,10.46881914,15.95540004,8.246632804,0.691579093,1548.865044,411502.3725,0,1
829,12.34665376,18.08730944,8.479646666,0.761649613,1336.647124,412190.3879,0,1
830,14.02198562,15.05523952,7.31290294,0.614698562,1360.394912,412889.3107,0,1
831,15.21266593,15.8468871,7.448206539,0.623003664,1353.161504,413501.3659,0,1
832,16.62831858,18.10794256,8.038411098,0.687543211,1312.442478,414121.5357,0,1
833,18.2909292,18.31270741,8.964795138,0.778709209,1436.830752,414801.6099,0,1
834,19.84354259,18.08628319,9.310291932,0.806148023,1563.799779,415585.9234,0,1
835,21.38938053,18.01452637,9.7430744,0.821392768,1682.924779,416363.1723,0,1
836,22.85985896,18.17475716,10.03917593,0.852953886,1792.455752,417201.5402,0,1
837,24.29611449,19.31676274,9.0069256,0.753163025,1363.704646,417990.2028,0,2
838,25.63440265,19.94064466,9.120164719,0.780783324,1318.215708,418773.0382,0,2
839,26.98561947,20.42555007,9.640286876,0.844890763,1386.443584,419514.5538,0,2
840,28.46570796,23.43444824,11.8931053,1.042139104,1465.473451,420430.018,0,2
841,30.43293695,24.74945879,13.43745679,1.155178374,1564.138274,421439.5584,0,2
842,32.58496958,25.78430176,15.20031954,1.277568446,1677.391593,422639.5297,0,2
843,34.90230918,25.80912092,15.50608947,1.330691717,1794.126106,423901.9784,0,2
844,37.03525996,25.86675323,15.10636321,1.309224627,1903.882743,425176.8725,0,2
845,38.92339602,25.8972168,14.95844748,1.330000346,1907.751106,426573.8285,0,2
846,40.49115044,25.8972168,14.59382994,1.23602565,1552.931416,427765.5744,0,3
847,41.95519912,25.8972168,14.88606951,1.267284292,1608.168142,429135.9183,0,3
848,43.66440819,25.8972168,15.17585147,1.313701258,1666.93031,430337.8927,0,3
849,45.10094027,25.8972168,15.44999654,1.335375761,1724.971239,431690.6303,0,3
850,46.6196073,25.8972168,15.52426499,1.336931347,1782.626106,432995.9663,0,3
851,48.12907909,26.5242585,15.59429337,1.346524129,1837.973451,434320.6457,0,3
852,49.53332412,27.90151951,16.66138235,1.467600595,1894.074115,435761.3498,0,3
853,51.0492948,28.06952823,16.5947028,1.472379701,1950.965708,437095.1373,0,3
854,52.53954646,29.5477673,18.13222159,1.580337389,2007.790929,438714.8308,0,3
855,54.38779038,33.55269981,28.0690151,2.15697594,2083.268805,440315.8833,0,3
856,56.79355642,35.08903031,37.3417407,2.387505185,2177.279867,442716.6012,0,3
857,59.44192478,35.2142334,42.1520672,2.590656112,2280.607301,445035.6659,0,3
858,62.01908186,35.21339619,41.89971654,2.6673638,2386.588496,447783.8913,0,3
859,64.65113385,29.68393511,24.99724532,2.028475871,2286.622788,450369.2797,0,3
860,66.01362002,25.39648546,14.55134839,1.285199461,1848.405973,452263.1882,0,4
861,66.63723728,25.21972656,14.54848568,1.323233545,1867.001106,453623.6597,0,4
862,67.27378319,25.21972656,14.49882035,1.337553581,1883.884956,454855.0426,0,4
863,67.81346792,24.70052263,13.99752186,1.280878388,1899.227876,456287.26,0,4
864,68.23900719,24.27983917,13.64967549,1.240191164,1911.998894,457485.8601,0,4
865,68.69952987,24.09973145,13.43813196,1.201811394,1923.462389,458770.2948,0,4
866,69.08248064,22.92634407,12.63284599,1.10595271,1887.861726,459931.7608,0,4
867,69.19054204,22.37997139,11.43661094,1.017249723,1546.753319,461029.2879,0,5
868,69.32024336,22.29003906,11.39655999,0.993950498,1530.820796,462003.4093,0,5
869,69.44365321,22.29003906,11.42205432,0.997286366,1533.442478,462985.7087,0,5
870,69.5474281,22.27151246,11.42813083,0.991435633,1536.158186,463956.4141,0,5
871,69.63965708,19.36956085,9.964691432,0.858631775,1537.03208,464921.9206,0,5
872,69.54480088,18.66149902,9.411729121,0.780126521,1535.068584,465730.2412,0,5
873,69.43017146,18.67554251,9.4293645,0.798508366,1531.840708,466503.2157,0,5
874,69.21397954,18.87722859,9.487725992,0.81358891,1529.153761,467292.5235,0,5
875,69.11946903,18.94380012,9.566369521,0.824668142,1526.412611,468082.0467,0,5
876,69.0595271,20.5593683,10.20632043,0.886312569,1524.88385,468885.1681,0,5
877,69.06457412,21.1151123,10.66276078,0.922333034,1524.82854,469809.3165,0,5
878,69.07646571,21.04297739,10.61622822,0.911331582,1525.640487,470637.6384,0,5
879,69.10073285,20.95166772,10.49594035,0.899707895,1526.209071,471616.0607,0,5
880,69.14283739,20.81604004,10.44392544,0.882069275,1526.743363,472391.4811,0,5
881,69.16931692,20.81604004,10.43606648,0.88365943,1527.02323,473357.5297,0,5
882,69.12665929,20.81604004,10.45397193,0.890045976,1527.309735,474128.0358,0,5
883,69.15403761,20.81604004,10.46979786,0.889441026,1527.605088,475076.0451,0,5
884,69.17920354,20.81604004,10.47792688,0.887608891,1527.969027,475879.2829,0,5
885,69.21605365,20.81604004,10.46304618,0.881948285,1528.294248,476813.354,0,5
886,69.22296737,20.81604004,10.44919174,0.888801507,1528.831858,477638.4986,0,5
887,69.24350111,20.81604004,10.43144834,0.894626314,1529.215708,478541.5672,0,5
888,69.2753042,20.81604004,10.45926524,0.882216192,1529.67146,479391.315,0,5
889,69.28871681,20.81604004,10.47090514,0.882121128,1529.986726,480277.1612,0,5
890,69.32252489,20.81604004,10.47698164,0.880842091,1530.375,481124.6634,0,5
891,69.32909292,20.81604004,10.46590889,0.885534776,1530.81969,482000.3738,0,5
892,69.33953263,20.81604004,10.46118272,0.88390141,1531.196903,482889.2955,0,5
892,69.3803927,20.81604004,10.4530537,0.881317409,1531.699115,483717.1676,0,5
893,69.37389381,20.62591283,10.31707494,0.871914754,1531.797566,484641.9074,0,5
894,69.39394358,19.99800691,9.993507588,0.842306762,1531.460177,485408.9288,0,5
895,69.33144358,19.96154785,9.959614171,0.842194414,1530.707965,486299.0389,0,5
896,69.28387721,19.96154785,9.928097345,0.84052648,1529.659292,487079.1374,0,5
897,69.21902655,19.96154785,9.918077857,0.840172152,1528.806416,487950.9548,0,5
898,69.21349558,19.96154785,9.942626953,0.845651272,1527.811947,488735.9793,0,5
899,69.16019082,19.96154785,9.927098097,0.845806831,1526.994469,489580.6532,0,5
900,69.10813053,19.96154785,9.909300678,0.839774613,1526.151549,490396.9275,0,5
901,69.08953263,19.96154785,9.923614232,0.84326604,1525.295354,491250.0726,0,5
902,69.03443031,19.96154785,9.895473244,0.838884472,1524.313053,492040.212,0,5
903,69.02053374,19.96154785,9.902278934,0.840241289,1523.686947,492945.7319,0,5
904,68.98126383,19.96154785,9.903440222,0.834260924,1522.743363,493680.3155,0,5
905,68.92989491,19.96154785,9.93601031,0.843300608,1522.026549,494575.6315,0,5
906,68.9092229,19.96154785,9.901306692,0.837570866,1521.346239,495357.8227,0,5
907,68.87403208,19.96154785,9.849534836,0.835159707,1520.579646,496205.7915,0,5
908,68.83531527,19.96154785,9.917834797,0.836404176,1519.748894,496996.3944,0,5
909,68.79487002,19.96154785,9.864199478,0.836317754,1519.140487,497852.5712,0,5
910,68.79784292,19.96154785,9.875947395,0.832930033,1518.480088,498653.7395,0,5
911,68.76431139,19.96154785,9.873408765,0.840863523,1517.68031,499472.1962,0,5
912,68.7168833,19.10143827,9.833735913,0.842721585,1517.136062,500292.1388,0,5
913,68.21868086,0.032191994,5.394886658,0.240476355,1503.09292,501005.8993,0,5
914,66.66599834,0,5.194793971,0,1471.168142,501179.182,0,5
915,64.24937777,0,4.803655844,0,1417.102876,501182.9375,0,5
916,61.38502489,0,4.40609012,0,1353.725664,501182.9375,0,5
917,58.14083241,0,4.189226269,0,1283.030973,501182.9375,0,4
918,54.78456858,0,4.845327192,0,1463.096239,501182.9375,0,4
919,52.84748341,0,5.045797973,0,1477.775442,501182.9375,0,4
920,51.54383296,0.545832541,5.27319444,0,1441.574115,501182.9375,0,4
921,50.29514657,1.884717013,4.740217091,0.194068031,1410.150442,501182.9375,0,4
922,49.47759956,5.987170734,4.187686886,0.565300055,1386.084071,501499.1607,0,4
923,48.97580199,9.411972181,5.431048638,0.479647746,1372.082965,502041.7497,0,4
924,48.65313883,9.487915039,5.468885034,0.428201051,1361.738938,502500.0754,0,4
925,48.30600111,9.703347535,5.464347907,0.445528554,1352.59292,502914.1856,0,4
926,48.0234375,10.37597656,5.782162827,0.496517215,1344.642699,503387.172,0,4
927,47.81512721,13.90848075,6.758077166,0.620990044,1339.649336,503842.6525,0,4
928,47.83559181,14.36489409,7.100846282,0.616625761,1339.080752,504540.6191,0,4
929,47.80648507,13.56811523,6.8452008,0.558386338,1338.349558,505089.2146,0,4
930,47.76064712,15.29095405,7.316872926,0.609988592,1337.78208,505666.4712,0,4
931,47.85889104,16.02478027,7.713790488,0.659775996,1339.935841,506267.1131,0,4
932,48.00131361,16.02478027,7.724350111,0.661867395,1343.233407,506940.2071,0,4
933,48.10246128,16.02478027,7.7488722,0.661789616,1347.11615,507575.4491,0,4
934,48.23333794,16.02478027,7.796647063,0.664918072,1350.706858,508213.5708,0,4
935,48.36919248,16.02478027,7.807206686,0.665514381,1354.701327,508885.6144,0,4
936,48.53187223,16.02478027,7.796052916,0.662429134,1358.817478,509530.2259,0,4
937,48.65334624,16.02478027,7.795674822,0.650260993,1362.388274,510187.7803,0,4
938,48.78042035,16.02478027,7.794351493,0.65141904,1365.95354,510828.1589,0,4
939,48.88827434,16.02478027,7.847014571,0.659404383,1369.50885,511471.7638,0,4
940,49.00829646,16.02478027,7.885850214,0.662524198,1373.138274,512110.1191,0,4
941,49.12493086,16.02478027,7.860166837,0.657952503,1376.767699,512738.3915,0,4
942,49.2753042,16.02191756,7.852361899,0.659603153,1380.457965,513414.5144,0,4
943,49.37437777,15.80643105,7.854360395,0.652378319,1383.675885,514053.4621,0,4
944,49.46314989,15.72570801,7.792596057,0.647988108,1386.797566,514697.5877,0,4
945,49.59782909,15.52337376,7.699774008,0.642733684,1389.603982,515343.5156,0,4
946,49.6610896,14.1261278,7.236690015,0.594009264,1390.860619,515949.1134,0,4
947,49.64311394,13.90075684,7.171090725,0.574884195,1390.746681,516537.1421,0,4
948,49.57307799,12.48333686,6.595496794,0.521631291,1388.719027,517070.9029,0,4
949,49.45526825,12.20703125,6.576105979,0.50293833,1385.463496,517618.6744,0,4
950,49.33130531,12.20703125,6.572135993,0.513602738,1381.823009,518075.2069,0,4
951,49.1899198,12.44255674,6.58831301,0.513862002,1378.292035,518640.7425,0,4
952,49.08884126,12.58912213,6.662446419,0.527525235,1374.79646,519133.7544,0,4
952,48.95084347,12.65869141,6.691208561,0.528864768,1371.983407,519638.336,0,4
953,48.89477323,12.65869141,6.677165074,0.529659845,1369.248894,520166.0867,0,4
954,48.80842091,12.6848339,6.672871007,0.527577088,1366.715708,520670.4712,0,4
955,48.71916482,12.7029824,6.664741989,0.526712873,1364.128319,521202.3359,0,4
956,48.61303927,12.73498535,6.657693238,0.527862279,1361.439159,521708.0983,0,4
957,48.54652931,12.96324603,6.739955666,0.528380808,1359.355088,522239.6536,0,4
958,48.44738662,12.99133301,6.703280559,0.533211767,1357.153761,522756.0973,0,4
959,48.38862002,13.74003993,6.948258392,0.557720893,1355.734513,523269.6247,0,4
960,48.37949392,13.85438632,6.988795458,0.569085315,1354.691372,523841.5003,0,4
961,48.36780973,13.87939453,7.011589118,0.567365528,1353.89823,524390.5355,0,4
962,48.33559181,13.91633971,7.019394056,0.560339463,1353.515487,524960.094,0,4
963,48.31830752,15.04411275,7.30396372,0.592306762,1353.72677,525501.7745,0,4
964,48.44081858,16.58325195,8.078381024,0.681260371,1356.771018,526119.8487,0,4
965,48.61449115,16.49545315,8.063743389,0.666897124,1361.952434,526800.016,0,4
966,48.77717091,15.39393062,7.564281362,0.611241704,1365.746681,527406.8761,0,4
967,48.8731333,15.38058931,7.610651877,0.615986242,1368.588496,528045.2107,0,4
968,48.933974,15.1522206,7.522096887,0.612183697,1371.243363,528630.9511,0,4
969,49.0083656,14.19837074,7.175087718,0.573726148,1372.438053,529249.8498,0,4
970,48.99827157,13.23906552,6.838854224,0.536167381,1371.945796,529792.4339,0,4
971,48.9404729,13.21465146,6.840069526,0.528804273,1370.688053,530353.3606,0,4
972,48.87638274,13.67365744,6.979721204,0.538397055,1369.283186,530841.7211,0,4
973,48.87278761,13.81384926,7.076000112,0.558611034,1368.25885,531405.47,0,4
974,48.87230365,13.82141113,7.053449513,0.567002558,1367.771018,531915.2037,0,4
975,48.82791759,13.82141113,7.061956625,0.554022055,1367.475664,532500.5394,0,4
976,48.84202157,13.84728356,7.0630639,0.555154176,1367.059735,532994.027,0,4
977,48.79618363,13.90075684,7.065683551,0.560106126,1366.627212,533608.8964,0,4
978,48.77143252,13.94807259,7.095850041,0.566786504,1366.320796,534099.9017,0,4
979,48.78698838,13.97399902,7.092852297,0.562716054,1366.40708,534695.0744,0,4
980,48.79680586,13.97399902,7.080834313,0.567356886,1366.097345,535205.8522,0,4
981,48.76873617,13.97399902,7.11291828,0.563692616,1365.789823,535798.4732,0,4
982,48.77212389,13.97399902,7.079727038,0.559846861,1366.011062,536314.6681,0,4
983,48.77191648,13.97399902,7.084669265,0.55754805,1365.996681,536917.2046,0,4
984,48.77143252,14.0008977,7.09233917,0.560287611,1365.85177,537439.0118,0,4
985,48.77309181,14.01062012,7.101089343,0.559553028,1365.97677,538013.8544,0,4
986,48.78387721,14.01062012,7.108975301,0.560961698,1365.788717,538548.8785,0,4
987,48.76845962,14.01062012,7.107922039,0.567590224,1366.016593,539109.8908,0,4
988,48.76555586,14.44610326,7.166769652,0.564332135,1366.193584,539655.3917,0,4
989,48.9200083,22.11357724,10.29773813,0.859660191,1372.169248,540266.2864,0,4
990,49.61373064,24.09006304,12.27868004,1.032252489,1390.971239,541207.5725,0,4
991,50.42173673,24.39893874,12.63643788,1.039451397,1414.841814,542150.0101,0,4
992,51.35142423,25.31840907,13.24308952,1.068843335,1439.813053,543247.2037,0,4
993,52.53947732,32.39035817,26.59380077,1.536305655,1474.059735,544260.6261,0,4
994,54.0775719,33.13598633,34.51343638,1.708967091,1517.612832,545862.9611,0,4
995,55.80365044,33.33410753,35.49704763,1.735325636,1566.887168,547449.1285,0,4
996,57.67215155,33.8619536,36.13559419,1.831391731,1617.795354,549274.6144,0,4
997,59.5342229,34.1269164,36.03458911,1.889562016,1670.498894,551039.9094,0,4
998,61.49681969,34.8578259,37.93659041,1.982672497,1723.817478,553012.7889,0,4
999,63.38025442,35.09367546,38.57897193,2.072135993,1778.94469,554910.0087,0,4
1000,65.43431969,35.20812988,39.34307267,2.136468128,1833.787611,557081.0377,0,4
1001,67.25421737,32.71886775,30.23160411,1.970115459,1885.714602,559065.6177,0,4
1002,68.61615044,23.88616241,14.63431299,1.211732577,1918.557522,560995.9917,0,4
1003,68.86255531,21.13939133,10.66675777,0.871543142,1659.735619,562084.8999,0,5
1004,68.94227046,22.03209801,11.10788531,0.990813399,1522.753319,563012.487,0,5
1005,69.07750277,22.10234245,11.22344701,0.994987555,1525.199115,563903.3988,0,5
1006,69.23036504,22.12843093,11.26522638,0.98602565,1527.896018,564925.9617,0,5
1007,69.2831167,22.14811882,11.26646869,0.979561325,1530.752212,565881.5827,0,5
1008,69.46750553,22.20634528,11.3659614,0.977098313,1533.469027,566855.5412,0,5
1009,69.51728429,21.0583172,10.80268252,0.925841745,1535.639381,567809.0709,0,5
1010,69.51597069,19.91882324,9.949000536,0.818203816,1535.720133,568671.3249,0,5
1011,69.52302268,19.91882324,9.945543677,0.844190749,1534.730088,569520.3183,0,5
1012,69.47967367,19.91882324,9.962422869,0.853679826,1533.853982,570285.1421,0,5
1013,69.43957412,19.91882324,9.967392103,0.848157494,1532.679204,571203.5857,0,5
1014,69.37050608,19.91882324,9.955914253,0.850283462,1531.903761,571974.3512,0,5
1015,69.33974004,20.47084032,10.12592147,0.860740459,1530.808628,572855.1387,0,5
1015,69.34693031,21.80313515,11.11949819,0.972163648,1531.865044,573662.7371,0,5
1016,69.49018252,22.5418766,11.55292882,0.988868916,1534.368363,574710.658,0,5
1017,69.65611173,22.88920985,11.8081692,1.00390625,1538.06969,575557.7689,0,5
1018,69.81892976,23.13121694,12.03675397,1.01349039,1542.386062,576658.3673,0,5
1019,70.03650442,23.2635498,12.13170955,1.026358545,1547.056416,577567.6673,0,5
1020,70.24688883,22.44675898,11.87033864,1.014924986,1551.561947,578650.8182,0,5
1021,70.27433628,18.51444751,9.403411055,0.752143252,1552.211283,579522.3744,0,5
1022,70.17249723,18.48754883,9.404653364,0.773618985,1549.928097,580355.3744,0,5
1023,70.04618363,18.57902054,9.367222069,0.794204577,1547.027655,581081.6073,0,5
1024,69.93127765,19.47675047,9.792469666,0.845132743,1544.573009,581870.3545,0,5
1025,69.88357301,19.69582887,9.812211568,0.839377074,1543.144912,582683.0996,0,5
1026,69.81236173,19.1385995,9.606609513,0.823043418,1541.320796,583530.5407,0,5
1027,69.70340155,18.47229004,9.352584434,0.78217471,1539.064159,584321.8215,0,5
1028,69.5878042,18.71337891,9.383318066,0.788872373,1536.304204,585077.2275,0,5
1029,69.48396018,19.45017587,9.728247718,0.829637376,1534.293142,585897.6981,0,5
1030,69.41516869,19.94561389,9.975953229,0.850300747,1533.289823,586680.9643,0,5
1031,69.3857854,20.21821959,10.00290592,0.848062431,1532.358407,587552.889,0,5
1032,69.43639381,20.703125,10.40762842,0.881144566,1532.561947,588336.6166,0,5
1033,69.46487832,20.703125,10.34416266,0.882259403,1533.115044,589284.1777,0,5
1034,69.44676438,20.703125,10.31872235,0.871724627,1533.797566,590052.3432,0,5
1035,69.51839049,20.703125,10.32674334,0.872165376,1534.244469,590988.8067,0,5
1036,69.51272124,20.703125,10.37748894,0.873764173,1534.65708,591746.3507,0,5
1037,69.52309181,20.703125,10.38904781,0.877774129,1535.184735,592692.0426,0,5
1038,69.52150166,20.1051155,10.03034474,0.83460661,1535.240044,593458.7203,0,5
1039,69.51769912,19.61899479,9.826309069,0.817348244,1534.537611,594314.9852,0,5
1040,69.45962389,19.61364746,9.813561904,0.820087804,1533.543142,595082.3761,0,5
1041,69.42851217,19.61364746,9.807782469,0.81958656,1532.498894,595933.9743,0,5
1042,69.37237279,19.61364746,9.798492162,0.822282909,1531.640487,596706.911,0,5
1043,69.30461836,19.61364746,9.788364647,0.819189021,1530.196903,597562.8418,0,5
1044,69.23935288,19.6041411,9.848859669,0.825653346,1529.262168,598298.5335,0,5
1045,69.19434458,19.13616889,9.565019186,0.796693515,1527.827434,599170.8406,0,5
1046,69.10571073,18.79061809,9.483323899,0.788829162,1525.811947,599881.3707,0,5
1047,69.00636062,18.87614833,9.421127454,0.781241358,1523.853982,600723.7488,0,5
1048,68.95374723,19.680246,9.780802769,0.815472898,1522.165929,601425.2976,0,5
1049,68.91482301,20.79997105,10.45475512,0.874429618,1521.95354,602313.9367,0,5
1050,68.97441925,21.23215937,10.59516299,0.879156872,1522.710177,603072.5481,0,5
1051,69.07549779,22.74056494,11.66371033,0.984029314,1525.222345,604041.1792,0,5
1052,69.27281527,23.21666616,11.88216758,0.986691095,1529.436947,604958.4448,0,5
1053,69.5878042,27.57392816,15.91135211,1.229846515,1537.769912,606008.6358,0,5
1054,70.12154314,27.3944956,16.68385193,1.220798189,1549.857301,607174.2348,0,5
1055,70.68667035,27.1456288,15.67120847,1.201733614,1562.136062,608406.992,0,5
1056,71.18300608,27.31487983,15.91772569,1.238082481,1573.982301,609544.2829,0,5
1057,71.73409845,28.02494015,16.58881533,1.29119711,1586.209071,610826.4887,0,5
1058,72.31471239,28.31804394,17.15025775,1.323950843,1599.306416,612011.1462,0,5
1059,73.08337942,30.98579339,23.3509165,1.547229328,1614.452434,613442.1965,0,5
1060,74.01126936,33.72403035,33.58332541,1.795595962,1634.378319,614900.555,0,5
1061,74.97020188,33.91602103,35.91457131,1.919126798,1657.714602,616829.4273,0,5
1062,76.07452987,33.9263916,35.80916413,1.90741669,1682.809735,618656.7058,0,5
1063,77.26541759,33.94146134,35.94738445,1.93266904,1708.371681,620608.0288,0,5
1064,78.42892699,31.21016511,27.0228023,1.765089187,1731.529867,622481.0336,0,5
1065,79.12292588,29.32804074,19.66604047,1.48389104,1748.233407,624178.3132,0,5
1066,79.76673119,29.26330566,20.43989063,1.595590777,1763.084071,625691.589,0,5
1067,80.39933628,30.22903847,22.25619966,1.673698493,1777.763274,627260.2188,0,5
1068,81.11725664,30.72766329,23.71302242,1.702295354,1793.566372,629026.5514,0,5
1069,81.88066925,30.74035645,23.49021709,1.707454715,1809.350664,630588.2768,0,5
1070,82.5967229,30.74035645,23.29463452,1.712052337,1824.49115,632428.8989,0,5
1071,83.24972345,30.78075848,23.16132942,1.710591814,1839.734513,633992.5295,0,5
1072,83.98707135,34.02194133,30.86488437,1.939314851,1856.558628,635884.8292,0,5
1073,84.87679757,34.32617188,37.31008884,2.140331167,1877.230088,637842.4512,0,5
1074,85.97642423,34.37996923,38.54915653,2.146294248,1899.769912,639935.3982,0,5
1075,87.0204646,34.53369141,39.35214693,2.170267561,1922.448009,642176.2658,0,5
1076,87.98727876,34.62232742,39.7040173,2.215742533,1944.641593,644215.2972,0,5
1077,88.97324392,32.92133703,35.34572905,2.189504978,1966.63385,646526.2656,0,5
1078,89.8515625,32.5592041,28.75871236,2.0178806,1985.509956,648619.9328,0,5
1079,90.65763274,32.5592041,26.86367879,2.010024889,2001.855088,650694.1243,0,5
1080,91.33012998,32.56155369,26.48971693,1.982819414,2017.182522,652629.0408,0,5
1081,91.99239491,34.58619244,31.41317452,2.125959278,2032.716814,654727.771,0,5
1082,92.80593197,35.08300781,39.87761641,2.365623272,2051.310841,656813.753,0,5
1083,93.65147954,35.08300781,40.86997783,2.382293971,2071.855088,659305.9723,0,5
1084,94.67464049,35.08300781,41.10936528,2.410311809,2092.674779,661538.8682,0,5
1085,95.60660951,35.08300781,41.3800805,2.440222276,2113.300885,664202.6114,0,5
1086,96.5239906,35.08300781,41.48284102,2.440844511,2133.003319,666473.6087,0,5
1087,97.39180033,32.81082558,34.15924342,2.325929895,2151.507743,669152.7246,0,5
1088,97.87735066,31.04993432,21.74647508,1.892439851,2163.497788,671316.2875,0,5
1089,98.20077434,28.20024068,17.18212567,1.614465224,2167.829646,673162.5704,0,5
1090,98.17311947,28.11279297,16.72001391,1.582238662,2168.269912,674851.2626,0,5
1091,98.13011615,28.11279297,16.74602137,1.590751175,2167.597345,676364.7211,0,5
1092,98.0985896,28.11279297,16.74599437,1.573968128,2166.740044,678111.966,0,5
1093,98.0450083,28.11279297,16.81988471,1.596817962,2166.022124,679614.9068,0,5
1094,98.03256361,28.11279297,16.8560737,1.579913924,2165.567478,681280.5727,0,5
1095,98.01548673,28.11279297,16.85310296,1.591961076,2165.368363,682888.3504,0,5
1096,98.01845962,28.11279297,16.91751396,1.609392284,2165.234513,684434.9145,0,5
1097,98.02170907,28.11279297,16.93706681,1.586680725,2164.980088,686120.439,0,5
1098,98.00954093,28.11279297,17.01706068,1.602210661,2165.065265,687649.4957,0,5
1099,98.02067201,28.50992658,17.59162835,1.669835454,2165.755531,689391.4079,0,5
1100,98.11297013,28.62027599,17.85205402,1.699063191,2167.189159,690975.1738,0,5
1101,98.18189989,28.72689846,18.10610611,1.734219441,2169.184735,692858.4876,0,5
1102,98.27240044,28.72924805,18.10721338,1.728472414,2171.209071,694430.8949,0,5
1103,98.387099,28.72924805,18.12325537,1.727236587,2173.067478,696368.0055,0,5
1104,98.46252765,28.72924805,18.1415119,1.738428166,2175.087389,698032.0828,0,5
1105,98.59395741,28.72924805,18.15469117,1.736881222,2177.238938,699916.746,0,5
1106,98.77779314,28.72924805,18.17527028,1.738021986,2179.186947,701621.9461,0,5
1107,98.86808628,28.73040934,18.17780891,1.734236726,2181.330752,703384.6168,0,5
1108,98.92519358,28.75231177,18.23962726,1.730563814,2183.175885,705229.3968,0,5
1109,99.02751659,28.83727487,18.37196013,1.758685357,2185.175885,706882.9578,0,5
1110,99.078125,27.72959481,17.09994426,1.633011269,2186.271018,708782.4882,0,5
1111,99.06153208,27.31933594,16.53777266,1.587078263,2185.540929,710338.8771,0,5
1112,98.98610343,27.31933594,16.49375173,1.588521502,2184.295354,711973.8186,0,5
1113,98.94399889,27.31933594,16.50242088,1.571193999,2182.736726,713602.6712,0,5
1114,98.82051991,27.48526514,16.59221818,1.594277171,2181.327434,715154.5062,0,5
1115,98.83628319,27.78160973,16.93693178,1.607179895,2180.382743,716882.4942,0,5
1116,98.84105365,28.9300159,18.3738776,1.74041586,2181.378319,718384.5353,0,5
1117,99.07522124,32.99538942,25.27311882,2.135240943,2187.799779,720343.3462,0,5
1118,99.62818031,36.28364495,37.50467216,2.444984098,2201.182522,722397.1456,0,5
1119,100.4241565,37.48279673,43.82091961,2.613834347,2219.327434,725163.7214,0,5
1120,101.3485205,38.28856882,45.74544451,2.685348106,2239.629425,727661.0928,0,5
1121,102.220271,38.98887972,46.62961707,2.713279522,2260.06969,730514.0917,0,5
1122,103.185495,39.2288343,46.95180707,2.745765348,2280.759956,733026.846,0,5
1123,104.1341952,39.5787872,47.25733394,2.768934942,2301.349558,736190.0861,0,5
1124,104.9859652,39.79187012,47.29614258,2.793876175,2321.554204,738853.4629,0,5
1125,105.9162749,39.79187012,46.69948342,2.806804826,2341.629425,741735.4914,0,5
1126,106.6858407,39.79187012,46.9503217,2.818609997,2360.983407,744685.7653,0,5
1127,107.7280144,39.79187012,47.05591793,2.8682332,2380.707965,747424.8527,0,5
1128,108.5465985,39.79187012,47.10188334,2.879476632,2399.620575,750604.5921,0,5
1129,109.3829508,39.79187012,47.48265089,2.883771778,2418.255531,753399.5311,0,5
1131,110.1172566,39.79187012,47.61371444,2.906517907,2436.339602,756488.4795,0,5
1132,110.9781527,39.79187012,47.90549489,2.939090155,2454.332965,759424.1069,0,5
1133,111.8672566,39.87202602,48.40152707,2.931960384,2471.836283,762390.215,0,5
1134,112.6136615,40.34018728,49.79077905,2.980183559,2489.082965,765652.7322,0,5
1135,113.3990597,45.7236771,58.24239275,3.471264864,2509.201327,768569.5931,0,5
1136,114.6041897,46.26842938,59.92526164,4.016757121,2536.189159,772375.0762,0,5
1137,115.8075221,46.45326327,60.23230088,4.172160191,2567.271018,776667.539,0,5
1138,117.0542035,43.22207291,52.98467315,4.135024889,2598.730088,780774.6167,0,5
1139,118.3033739,29.66319396,17.99275896,2.004839602,2608.29646,784887.154,0,5
1140,118.043349,28.57055664,18.52633046,1.857663855,2602.685841,786834.7226,0,5
1141,117.7437085,28.79897936,19.18286349,1.900226424,2594.794248,788884.5126,0,5
1142,117.4823009,31.69836534,23.25355732,2.220305586,2590.642699,790834.0874,0,5
1143,117.2937638,31.7368769,23.45635068,2.206512721,2588.856195,793201.0366,0,5
1144,117.3241842,33.86184557,27.23877493,2.428166482,2590.090708,795565.6589,0,5
1145,117.5022124,34.16748047,28.43582018,2.448873064,2593.840708,797995.565,0,5
1146,117.6308075,34.16748047,28.39817283,2.470703125,2598.091814,800708.0809,0,5
1147,117.8163717,32.41199055,27.07176546,2.386027378,2601.743363,803215.1962,0,5
1148,117.5652655,3.54055219,9.027315663,0.434086352,2578.849558,805203.5177,0,5
1149,115.596792,0,7.962414227,0,2537.085177,805585.9697,0,5
1150,112.903208,0,7.80142725,0,2476.283186,805586.8281,0,5
1151,109.6529314,0,7.4810737,0,2411.902655,805586.8281,0,5
1152,107.3333794,0,7.383282417,0,2358.63385,805586.8281,0,5
1153,104.9193861,0,7.27625484,0,2306.755531,805586.8281,0,5
1154,102.6056416,0,7.187132709,0,2256.396018,805586.8281,0,5
1155,100.1813468,0,6.989470625,0,2205.915929,805586.8281,0,5
1156,97.71695243,0,6.899889381,0,2152.517699,805586.8281,0,5
1157,95.06478153,0,6.781708034,0,2092.461283,805586.8281,0,5
1158,91.06374447,0,6.607082671,0,2001.113938,805586.8281,0,5
1159,86.17802821,0,6.443692098,0,1895.667035,805586.8281,0,5
1160,82.79217367,0,6.335692279,0,1824.571903,805586.8281,0,5
1161,81.20540653,0,6.493060357,0,1791.309735,805586.8281,0,5
1163,79.73133296,0,6.629579257,0,1759.469027,805586.8281,0,5
1164,78.25546184,0,6.577969441,0,1725.706858,805586.8281,0,5
1165,76.11794801,0,6.192367689,0,1679.862832,805586.8281,0,5
1166,73.44372235,0,5.752725517,0,1616.610619,805586.8281,0,5
1166,69.56104812,0,5.265254468,0,1530.710177,805586.8281,0,5
1167,65.83884126,0,4.843625769,0,1451.996681,805586.8281,0,5
1168,62.83089049,0,4.583524181,0,1387.134956,805586.8281,0,5
1169,59.99204923,0,4.346135232,0,1324.02323,805586.8281,0,5
1170,55.88626936,0,4.411491462,0,1338.25,805586.8281,0,5
1171,51.47870575,0,4.832607033,0,1437.089602,805586.8281,0,5
1172,47.02737832,0,4.332631879,0,1314.14823,805586.8281,0,5
1173,42.60266869,0,3.986756991,0.009981679,1184.858407,805587.322,0,5
1174,37.46107577,0,3.143229527,0.491815888,1291.929204,805737.4318,0,5
1175,31.95782633,0,2.4979853,0.249170354,1213.662611,806128.322,0,5
1176,26.55862832,0,1.795864949,0.155048742,826.4159292,806375.2636,0,5
1177,20.97960454,0,1.718058628,0.149673327,653.9834071,806511.5492,0,5
1178,15.63599281,0,2.091102263,0.189522262,663.425885,806679.5043,0,5
1179,10.33524613,0,2.039870541,0.189798811,659.5486726,806853.02,0,5
1180,5.150995575,0,2.129694846,0.19672117,655.4115044,807047.7566,0,0
1181,0.865459071,0,2.129262739,0.187655559,647.2754425,807232.2447,0,0
1182,0,0,2.046163103,0.189798811,658.0143805,807415.4248,0,0
1183,0,0,2.104956703,0.179678858,644.6039823,807597.6549,0,0
1184,0,0,2.056479665,0.17457135,650.800885,807765.0906,0,0
1185,0,0,2.068092549,0.176101009,649.0033186,807952.3166,0,0
1186,0,0,2.063852496,0.182677683,657.2754425,808110.8262,0,0
1187,0,0,2.050727237,0.186990113,662.5752212,808297.1894,0,0
1188,0,0,2.062772228,0.187638274,659.7544248,808487.8424,0,0
1189,0,0,2.043705493,0.189530904,664.5962389,808661.056,0,0
1190,0,0,2.015807565,0.186886408,662.8539823,808861.4103,0,0
1191,0,0,2.001521018,0.182020879,662.6449115,809028.1688,0,0
1192,0,0,2.027258409,0.175677544,647.0044248,809227.2034,0,0
1193,0,0,2.033388931,0.172644151,647.9059735,809378.5436,0,0
1194,0,0,2.029662006,0.179410951,654.9469027,809561.7334,0,0
1195,0,0,2.009460989,0.181044317,657.0929204,809722.3818,0,0
1196,0,0,1.949722155,0.183317201,663.1559735,809908.5884,0,0
1197,0,0,1.983669585,0.179462804,661.425885,810069.5314,0,0
1198,0,0,2.01683382,0.171434251,648.9856195,810253.9578,0,0
1199,0,0,2.0167528,0.174683697,646.8639381,810410.4399,0,0
1200,0,0,1.98240027,0.175798534,651.7256637,810584.46,0,0
1201,0,0,2.002439246,0.17956651,655.8495575,810752.5024,0,0
1202,0,0,2.017563001,0.179091192,653.7068584,810925.0863,0,0
1203,0,0,2.020506732,0.171762652,650.4059735,811104.0665,0,0
1204,0,0,2.027852556,0.166819345,644.3982301,811264.0454,0,0
1205,0,0,2.08227107,0.169671253,642.7577434,811437.9441,0,0
1206,0,0,2.019237417,0.174796045,646.7688053,811601.1538,0,0
1206,0,0,2.025340933,0.176852876,651.5077434,811770.7786,0,0
1207,0,0,2.035279401,0.176731886,654.3993363,811946.6569,0,0
1208,0,0,2.033388931,0.169403346,647.800885,812109.2326,0,0
1209,0,0,2.047648472,0.163915584,641.3196903,812286.5296,0,0
1210,0,0,2.072629675,0.168660122,644.8130531,812435.0767,0,0
1211,0,0,2.059936523,0.173275028,647.7865044,812612.5496,0,0
1212,0,0,2.142279971,0.175859029,647.0918142,812767.2648,0,0
1213,0,0,1.184190058,0.125,374.4900442,812919.8797,0,0
1214,0,0,1.030008772,0.109375,322.125,812961.5313,0,0
1215,0,0,1.016505419,0.109375,322.125,812961.5313,0,0
1216,0,0,8.150380903,0.109375,322.125,812961.5313,0,0
1216,0,0,8.730511961,0.109375,322.125,812961.5313,0,0
1217,0,0,8.738776013,0.109375,322.125,812961.5313,0,0
1218,0,0,9.170397193,0.109375,322.125,812961.5313,0,0
